acession_code,protein_lenght(AA),antigen_presenting_prortein,allele,seq_num,start,end,length,peptide,core,icore,score,rank
MT862855,495,MHC-I,HLA-B*44:02,1,383,391,9,GEKALKLSW,GEKALKLSW,GEKALKLSW,0.966258,0.01
MT862855,495,MHC-I,HLA-B*44:02,1,12,20,9,VEGLSGATW,VEGLSGATW,VEGLSGATW,0.90418,0.03
MT862855,495,MHC-I,HLA-B*44:02,1,369,377,9,TEPPFGESY,TEPPFGESY,TEPPFGESY,0.78143,0.06
MT862855,495,MHC-I,HLA-B*44:02,1,313,321,9,AETQHGTVL,AETQHGTVL,AETQHGTVL,0.747154,0.08
MT862855,495,MHC-I,HLA-A*02:01,1,424,432,9,SIGGVFTSV,SIGGVFTSV,SIGGVFTSV,0.697219,0.13
MT862855,495,MHC-I,HLA-A*02:01,1,200,208,9,TMKEKSWLV,TMKEKSWLV,TMKEKSWLV,0.676498,0.15
MT862855,495,MHC-I,HLA-A*02:01,1,431,439,9,SVGKLVHQV,SVGKLVHQV,SVGKLVHQV,0.630641,0.17
MT862855,495,MHC-I,HLA-A*02:01,1,106,114,9,GLFGKGSLL,GLFGKGSLL,GLFGKGSLL,0.590778,0.21
MT862855,495,MHC-I,HLA-A*02:01,1,206,214,9,WLVHKQWFL,WLVHKQWFL,WLVHKQWFL,0.567983,0.22
MT862855,495,MHC-I,HLA-A*02:01,1,350,358,9,RLITANPIV,RLITANPIV,RLITANPIV,0.553884,0.23
MT862855,495,MHC-I,HLA-B*44:02,1,156,164,9,TEHGTIATI,TEHGTIATI,TEHGTIATI,0.465996,0.22
MT862855,495,MHC-I,HLA-A*02:01,1,467,475,9,GLNSRSTSL,GLNSRSTSL,GLNSRSTSL,0.416901,0.34
MT862855,495,MHC-I,HLA-A*02:01,1,190,198,9,GLDFNEMVL,GLDFNEMVL,GLDFNEMVL,0.343146,0.46
MT862855,495,MHC-I,HLA-B*44:02,1,256,264,9,QEGAMHTAL,QEGAMHTAL,QEGAMHTAL,0.319384,0.34
MT862855,495,MHC-I,HLA-A*02:01,1,213,221,9,FLDLPLPWT,FLDLPLPWT,FLDLPLPWT,0.315013,0.52
MT862855,495,MHC-I,HLA-A*02:01,1,438,446,9,QVFGTAYGV,QVFGTAYGV,QVFGTAYGV,0.277822,0.59
MT862855,495,MHC-I,HLA-A*02:01,1,33,41,9,TMAKNKPTL,TMAKNKPTL,TMAKNKPTL,0.277221,0.59
MT862855,495,MHC-I,HLA-B*44:02,1,48,56,9,TEVTNPAVL,TEVTNPAVL,TEVTNPAVL,0.2536,0.41
MT862855,495,MHC-I,HLA-A*02:01,1,300,308,9,VMCTGSFKL,VMCTGSFKL,VMCTGSFKL,0.252331,0.64
MT862855,495,MHC-I,HLA-A*02:01,1,446,454,9,VLFSGVSWT,VLFSGVSWT,VLFSGVSWT,0.202869,0.77
MT862855,495,MHC-I,HLA-A*02:01,1,292,300,9,LTLKGMSYV,LTLKGMSYV,LTLKGMSYV,0.194129,0.81
MT862855,495,MHC-I,HLA-A*02:01,1,483,491,9,GMVTLYLGV,GMVTLYLGV,GMVTLYLGV,0.188055,0.84
MT862855,495,MHC-I,HLA-B*44:02,1,228,236,9,QETWNRQDL,QETWNRQDL,QETWNRQDL,0.184682,0.51
MT862855,495,MHC-I,HLA-A*02:01,1,474,482,9,SLSMTCVAV,SLSMTCVAV,SLSMTCVAV,0.181518,0.88
MT862855,495,MHC-I,HLA-A*02:01,1,160,168,9,TIATITPQA,TIATITPQA,TIATITPQA,0.178305,0.89
MT862855,495,MHC-I,HLA-B*44:02,1,132,140,9,YENLKYSVI,YENLKYSVI,YENLKYSVI,0.176151,0.53
MT862855,495,MHC-I,HLA-A*02:01,1,23,31,9,VVLEHGSCV,VVLEHGSCV,VVLEHGSCV,0.160341,0.98
MT862855,495,MHC-I,HLA-A*02:01,1,259,267,9,AMHTALTGA,AMHTALTGA,AMHTALTGA,0.145957,1.1
MT862855,495,MHC-I,HLA-A*02:01,1,396,404,9,SSIGKMFEA,SSIGKMFEA,SSIGKMFEA,0.136864,1.1
MT862855,495,MHC-I,HLA-A*02:01,1,434,442,9,KLVHQVFGT,KLVHQVFGT,KLVHQVFGT,0.13368,1.2
MT862855,495,MHC-I,HLA-A*02:01,1,210,218,9,KQWFLDLPL,KQWFLDLPL,KQWFLDLPL,0.127641,1.2
MT862855,495,MHC-I,HLA-A*02:01,1,346,354,9,TQNGRLITA,TQNGRLITA,TQNGRLITA,0.12272,1.2
MT862855,495,MHC-I,HLA-A*02:01,1,286,294,9,RLKMDKLTL,RLKMDKLTL,RLKMDKLTL,0.104327,1.4
MT862855,495,MHC-I,HLA-A*02:01,1,175,183,9,LTDYGALTL,LTDYGALTL,LTDYGALTL,0.077117,1.6
MT862855,495,MHC-I,HLA-A*02:01,1,270,278,9,IQTSGTTTI,IQTSGTTTI,IQTSGTTTI,0.067444,1.8
MT862855,495,MHC-I,HLA-B*44:02,1,153,161,9,NETTEHGTI,NETTEHGTI,NETTEHGTI,0.06033,0.96
MT862855,495,MHC-I,HLA-A*02:01,1,481,489,9,AVGMVTLYL,AVGMVTLYL,AVGMVTLYL,0.056049,2
MT862855,495,MHC-I,HLA-B*44:02,1,223,231,9,GASTSQETW,GASTSQETW,GASTSQETW,0.053341,1.1
MT862855,495,MHC-I,HLA-B*44:02,1,204,212,9,KSWLVHKQW,KSWLVHKQW,KSWLVHKQW,0.051427,1.1
MT862855,495,MHC-I,HLA-A*02:01,1,307,315,9,KLEKEVAET,KLEKEVAET,KLEKEVAET,0.050169,2.1
MT862855,495,MHC-I,HLA-A*02:01,1,40,48,9,TLDIELLKT,TLDIELLKT,TLDIELLKT,0.050144,2.1
MT862855,495,MHC-I,HLA-A*02:01,1,124,132,9,KLEGKIVQY,KLEGKIVQY,KLEGKIVQY,0.047809,2.2
MT862855,495,MHC-I,HLA-A*02:01,1,427,435,9,GVFTSVGKL,GVFTSVGKL,GVFTSVGKL,0.035778,2.6
MT862855,495,MHC-I,HLA-A*02:01,1,460,468,9,GILLTWLGL,GILLTWLGL,GILLTWLGL,0.033333,2.7
MT862855,495,MHC-I,HLA-B*44:02,1,374,382,9,GESYIVVGA,GESYIVVGA,GESYIVVGA,0.03119,1.5
MT862855,495,MHC-I,HLA-B*44:02,1,361,369,9,KEKPVNIET,KEKPVNIET,KEKPVNIET,0.030011,1.5
MT862855,495,MHC-I,HLA-A*02:01,1,293,301,9,TLKGMSYVM,TLKGMSYVM,TLKGMSYVM,0.028431,2.9
MT862855,495,MHC-I,HLA-A*02:01,1,55,63,9,VLRKLCIEA,VLRKLCIEA,VLRKLCIEA,0.0279,3
MT862855,495,MHC-I,HLA-A*02:01,1,400,408,9,KMFEATARG,KMFEATARG,KMFEATARG,0.026233,3.1
MT862855,495,MHC-I,HLA-B*44:02,1,359,367,9,TDKEKPVNI,TDKEKPVNI,TDKEKPVNI,0.025884,1.6
MT862855,495,MHC-I,HLA-B*44:02,1,232,240,9,NRQDLLVTF,NRQDLLVTF,NRQDLLVTF,0.02574,1.6
MT862855,495,MHC-I,HLA-A*02:01,1,255,263,9,SQEGAMHTA,SQEGAMHTA,SQEGAMHTA,0.025543,3.1
MT862855,495,MHC-I,HLA-B*44:02,1,124,132,9,KLEGKIVQY,KLEGKIVQY,KLEGKIVQY,0.025317,1.7
MT862855,495,MHC-I,HLA-B*44:02,1,202,210,9,KEKSWLVHK,KEKSWLVHK,KEKSWLVHK,0.023358,1.7
MT862855,495,MHC-I,HLA-A*02:01,1,357,365,9,IVTDKEKPV,IVTDKEKPV,IVTDKEKPV,0.022977,3.3
MT862855,495,MHC-I,HLA-B*44:02,1,329,337,9,TDAPCKIPF,TDAPCKIPF,TDAPCKIPF,0.022348,1.8
MT862855,495,MHC-I,HLA-B*44:02,1,78,86,9,GEATLVEEQ,GEATLVEEQ,GEATLVEEQ,0.022075,1.8
MT862855,495,MHC-I,HLA-B*44:02,1,412,420,9,MAILGDTAW,MAILGDTAW,MAILGDTAW,0.019776,1.9
MT862855,495,MHC-I,HLA-A*02:01,1,414,422,9,ILGDTAWDF,ILGDTAWDF,ILGDTAWDF,0.019491,3.6
MT862855,495,MHC-I,HLA-A*02:01,1,479,487,9,CVAVGMVTL,CVAVGMVTL,CVAVGMVTL,0.018907,3.6
MT862855,495,MHC-I,HLA-A*02:01,1,277,285,9,TIFAGHLKC,TIFAGHLKC,TIFAGHLKC,0.018443,3.7
MT862855,495,MHC-I,HLA-B*44:02,1,445,453,9,GVLFSGVSW,GVLFSGVSW,GVLFSGVSW,0.018166,2
MT862855,495,MHC-I,HLA-A*02:01,1,476,484,9,SMTCVAVGM,SMTCVAVGM,SMTCVAVGM,0.017619,3.7
MT862855,495,MHC-I,HLA-A*02:01,1,47,55,9,KTEVTNPAV,KTEVTNPAV,KTEVTNPAV,0.017357,3.8
MT862855,495,MHC-I,HLA-A*02:01,1,485,493,9,VTLYLGVMV,VTLYLGVMV,VTLYLGVMV,0.016693,3.9
MT862855,495,MHC-I,HLA-B*44:02,1,83,91,9,VEEQDANFV,VEEQDANFV,VEEQDANFV,0.015779,2.1
MT862855,495,MHC-I,HLA-B*44:02,1,194,202,9,NEMVLLTMK,NEMVLLTMK,NEMVLLTMK,0.015558,2.1
MT862855,495,MHC-I,HLA-A*02:01,1,411,419,9,RMAILGDTA,RMAILGDTA,RMAILGDTA,0.015326,4
MT862855,495,MHC-I,HLA-A*02:01,1,135,143,9,LKYSVIVTV,LKYSVIVTV,LKYSVIVTV,0.015126,4.1
MT862855,495,MHC-I,HLA-B*44:02,1,457,465,9,IGIGILLTW,IGIGILLTW,IGIGILLTW,0.015096,2.2
MT862855,495,MHC-I,HLA-A*02:01,1,472,480,9,STSLSMTCV,STSLSMTCV,STSLSMTCV,0.014552,4.1
MT862855,495,MHC-I,HLA-A*02:01,1,453,461,9,WTMKIGIGI,WTMKIGIGI,WTMKIGIGI,0.014443,4.2
MT862855,495,MHC-I,HLA-B*44:02,1,310,318,9,KEVAETQHG,KEVAETQHG,KEVAETQHG,0.014424,2.2
MT862855,495,MHC-I,HLA-B*44:02,1,171,179,9,SEIQLTDYG,SEIQLTDYG,SEIQLTDYG,0.013052,2.3
MT862855,495,MHC-I,HLA-A*02:01,1,130,138,9,VQYENLKYS,VQYENLKYS,VQYENLKYS,0.012919,4.4
MT862855,495,MHC-I,HLA-A*02:01,1,381,389,9,GAGEKALKL,GAGEKALKL,GAGEKALKL,0.012695,4.5
MT862855,495,MHC-I,HLA-B*44:02,1,84,92,9,EEQDANFVC,EEQDANFVC,EEQDANFVC,0.012395,2.4
MT862855,495,MHC-I,HLA-B*44:02,1,436,444,9,VHQVFGTAY,VHQVFGTAY,VHQVFGTAY,0.011145,2.5
MT862855,495,MHC-I,HLA-B*44:02,1,318,326,9,GTVLVQVKY,GTVLVQVKY,GTVLVQVKY,0.010852,2.6
MT862855,495,MHC-I,HLA-A*02:01,1,304,312,9,GSFKLEKEV,GSFKLEKEV,GSFKLEKEV,0.010666,4.8
MT862855,495,MHC-I,HLA-B*44:02,1,61,69,9,IEAKISNTT,IEAKISNTT,IEAKISNTT,0.010393,2.6
MT862855,495,MHC-I,HLA-A*02:01,1,314,322,9,ETQHGTVLV,ETQHGTVLV,ETQHGTVLV,0.009366,5.1
MT862855,495,MHC-I,HLA-A*02:01,1,251,259,9,VVLGSQEGA,VVLGSQEGA,VVLGSQEGA,0.009174,5.2
MT862855,495,MHC-I,HLA-A*02:01,1,189,197,9,TGLDFNEMV,TGLDFNEMV,TGLDFNEMV,0.009097,5.2
MT862855,495,MHC-I,HLA-B*44:02,1,308,316,9,LEKEVAETQ,LEKEVAETQ,LEKEVAETQ,0.008735,2.8
MT862855,495,MHC-I,HLA-A*02:01,1,235,243,9,DLLVTFKTA,DLLVTFKTA,DLLVTFKTA,0.008456,5.4
MT862855,495,MHC-I,HLA-B*44:02,1,289,297,9,MDKLTLKGM,MDKLTLKGM,MDKLTLKGM,0.00808,2.9
MT862855,495,MHC-I,HLA-B*44:02,1,93,101,9,RRTFVDRGW,RRTFVDRGW,RRTFVDRGW,0.00799,3
MT862855,495,MHC-I,HLA-A*02:01,1,458,466,9,GIGILLTWL,GIGILLTWL,GIGILLTWL,0.007855,5.6
MT862855,495,MHC-I,HLA-B*44:02,1,268,276,9,TEIQTSGTT,TEIQTSGTT,TEIQTSGTT,0.007758,3
MT862855,495,MHC-I,HLA-A*02:01,1,174,182,9,QLTDYGALT,QLTDYGALT,QLTDYGALT,0.007656,5.7
MT862855,495,MHC-I,HLA-A*02:01,1,451,459,9,VSWTMKIGI,VSWTMKIGI,VSWTMKIGI,0.007293,5.8
MT862855,495,MHC-I,HLA-B*44:02,1,271,279,9,QTSGTTTIF,QTSGTTTIF,QTSGTTTIF,0.00728,3.1
MT862855,495,MHC-I,HLA-A*02:01,1,134,142,9,NLKYSVIVT,NLKYSVIVT,NLKYSVIVT,0.006652,6.1
MT862855,495,MHC-I,HLA-B*44:02,1,198,206,9,LLTMKEKSW,LLTMKEKSW,LLTMKEKSW,0.006549,3.2
MT862855,495,MHC-I,HLA-A*02:01,1,447,455,9,LFSGVSWTM,LFSGVSWTM,LFSGVSWTM,0.006382,6.2
MT862855,495,MHC-I,HLA-A*02:01,1,45,53,9,LLKTEVTNP,LLKTEVTNP,LLKTEVTNP,0.00587,6.4
MT862855,495,MHC-I,HLA-A*02:01,1,390,398,9,SWFKRGSSI,SWFKRGSSI,SWFKRGSSI,0.005668,6.5
MT862855,495,MHC-I,HLA-A*02:01,1,378,386,9,IVVGAGEKA,IVVGAGEKA,IVVGAGEKA,0.00548,6.6
MT862855,495,MHC-I,HLA-A*02:01,1,454,462,9,TMKIGIGIL,TMKIGIGIL,TMKIGIGIL,0.005362,6.7
MT862855,495,MHC-I,HLA-B*44:02,1,88,96,9,ANFVCRRTF,ANFVCRRTF,ANFVCRRTF,0.005338,3.6
MT862855,495,MHC-I,HLA-A*02:01,1,486,494,9,TLYLGVMVQ,TLYLGVMVQ,TLYLGVMVQ,0.005147,6.8
MT862855,495,MHC-I,HLA-B*44:02,1,384,392,9,EKALKLSWF,EKALKLSWF,EKALKLSWF,0.005058,3.7
MT862855,495,MHC-I,HLA-A*02:01,1,229,237,9,ETWNRQDLL,ETWNRQDLL,ETWNRQDLL,0.004952,7
MT862855,495,MHC-I,HLA-A*02:01,1,456,464,9,KIGIGILLT,KIGIGILLT,KIGIGILLT,0.004946,7
MT862855,495,MHC-I,HLA-A*02:01,1,487,495,9,LYLGVMVQA,LYLGVMVQA,LYLGVMVQA,0.004838,7
MT862855,495,MHC-I,HLA-A*02:01,1,252,260,9,VLGSQEGAM,VLGSQEGAM,VLGSQEGAM,0.004724,7.1
MT862855,495,MHC-I,HLA-A*02:01,1,167,175,9,QAPTSEIQL,QAPTSEIQL,QAPTSEIQL,0.004619,7.2
MT862855,495,MHC-I,HLA-A*02:01,1,435,443,9,LVHQVFGTA,LVHQVFGTA,LVHQVFGTA,0.004543,7.2
MT862855,495,MHC-I,HLA-A*02:01,1,173,181,9,IQLTDYGAL,IQLTDYGAL,IQLTDYGAL,0.004539,7.2
MT862855,495,MHC-I,HLA-B*44:02,1,117,125,9,AKFKCVTKL,AKFKCVTKL,AKFKCVTKL,0.004527,3.9
MT862855,495,MHC-I,HLA-B*44:02,1,245,253,9,AKKQEVVVL,AKKQEVVVL,AKKQEVVVL,0.004449,3.9
MT862855,495,MHC-I,HLA-B*44:02,1,212,220,9,WFLDLPLPW,WFLDLPLPW,WFLDLPLPW,0.004438,3.9
MT862855,495,MHC-I,HLA-B*44:02,1,291,299,9,KLTLKGMSY,KLTLKGMSY,KLTLKGMSY,0.00407,4.1
MT862855,495,MHC-I,HLA-B*44:02,1,341,349,9,DEKGVTQNG,DEKGVTQNG,DEKGVTQNG,0.004044,4.1
MT862855,495,MHC-I,HLA-B*44:02,1,248,256,9,QEVVVLGSQ,QEVVVLGSQ,QEVVVLGSQ,0.003908,4.2
MT862855,495,MHC-I,HLA-B*44:02,1,480,488,9,VAVGMVTLY,VAVGMVTLY,VAVGMVTLY,0.003881,4.2
MT862855,495,MHC-I,HLA-A*02:01,1,262,270,9,TALTGATEI,TALTGATEI,TALTGATEI,0.003844,7.8
MT862855,495,MHC-I,HLA-A*02:01,1,162,170,9,ATITPQAPT,ATITPQAPT,ATITPQAPT,0.003721,7.9
MT862855,495,MHC-I,HLA-A*02:01,1,242,250,9,TAHAKKQEV,TAHAKKQEV,TAHAKKQEV,0.003675,7.9
MT862855,495,MHC-I,HLA-B*44:02,1,243,251,9,AHAKKQEVV,AHAKKQEVV,AHAKKQEVV,0.003492,4.4
MT862855,495,MHC-I,HLA-B*44:02,1,394,402,9,RGSSIGKMF,RGSSIGKMF,RGSSIGKMF,0.003468,4.4
MT862855,495,MHC-I,HLA-B*44:02,1,255,263,9,SQEGAMHTA,SQEGAMHTA,SQEGAMHTA,0.003371,4.5
MT862855,495,MHC-I,HLA-B*44:02,1,326,334,9,YEGTDAPCK,YEGTDAPCK,YEGTDAPCK,0.003313,4.5
MT862855,495,MHC-I,HLA-A*02:01,1,379,387,9,VVGAGEKAL,VVGAGEKAL,VVGAGEKAL,0.003279,8.3
MT862855,495,MHC-I,HLA-A*02:01,1,449,457,9,SGVSWTMKI,SGVSWTMKI,SGVSWTMKI,0.003272,8.4
MT862855,495,MHC-I,HLA-A*02:01,1,199,207,9,LTMKEKSWL,LTMKEKSWL,LTMKEKSWL,0.00324,8.4
MT862855,495,MHC-I,HLA-A*02:01,1,17,25,9,GATWVDVVL,GATWVDVVL,GATWVDVVL,0.003221,8.4
MT862855,495,MHC-I,HLA-A*02:01,1,291,299,9,KLTLKGMSY,KLTLKGMSY,KLTLKGMSY,0.003041,8.6
MT862855,495,MHC-I,HLA-B*44:02,1,346,354,9,TQNGRLITA,TQNGRLITA,TQNGRLITA,0.003015,4.8
MT862855,495,MHC-I,HLA-A*02:01,1,16,24,9,SGATWVDVV,SGATWVDVV,SGATWVDVV,0.002954,8.7
MT862855,495,MHC-I,HLA-A*02:01,1,244,252,9,HAKKQEVVV,HAKKQEVVV,HAKKQEVVV,0.002926,8.7
MT862855,495,MHC-I,HLA-A*02:01,1,237,245,9,LVTFKTAHA,LVTFKTAHA,LVTFKTAHA,0.002842,8.9
MT862855,495,MHC-I,HLA-B*44:02,1,35,43,9,AKNKPTLDI,AKNKPTLDI,AKNKPTLDI,0.002752,5
MT862855,495,MHC-I,HLA-A*02:01,1,108,116,9,FGKGSLLTC,FGKGSLLTC,FGKGSLLTC,0.002698,9.1
MT862855,495,MHC-I,HLA-B*44:02,1,339,347,9,TQDEKGVTQ,TQDEKGVTQ,TQDEKGVTQ,0.00267,5
MT862855,495,MHC-I,HLA-B*44:02,1,404,412,9,ATARGARRM,ATARGARRM,ATARGARRM,0.002659,5
MT862855,495,MHC-I,HLA-B*44:02,1,316,324,9,QHGTVLVQV,QHGTVLVQV,QHGTVLVQV,0.002595,5.1
MT862855,495,MHC-I,HLA-A*02:01,1,455,463,9,MKIGIGILL,MKIGIGILL,MKIGIGILL,0.002535,9.3
MT862855,495,MHC-I,HLA-A*02:01,1,397,405,9,SIGKMFEAT,SIGKMFEAT,SIGKMFEAT,0.002524,9.3
MT862855,495,MHC-I,HLA-A*02:01,1,99,107,9,RGWGNGCGL,RGWGNGCGL,RGWGNGCGL,0.002523,9.3
MT862855,495,MHC-I,HLA-B*44:02,1,367,375,9,IETEPPFGE,IETEPPFGE,IETEPPFGE,0.002505,5.2
MT862855,495,MHC-I,HLA-B*44:02,1,26,34,9,EHGSCVTTM,EHGSCVTTM,EHGSCVTTM,0.002433,5.3
MT862855,495,MHC-I,HLA-B*44:02,1,129,137,9,IVQYENLKY,IVQYENLKY,IVQYENLKY,0.002378,5.3
MT862855,495,MHC-I,HLA-B*44:02,1,143,151,9,VHTGDQHQV,VHTGDQHQV,VHTGDQHQV,0.002361,5.3
MT862855,495,MHC-I,HLA-B*44:02,1,270,278,9,IQTSGTTTI,IQTSGTTTI,IQTSGTTTI,0.002239,5.5
MT862855,495,MHC-I,HLA-B*44:02,1,455,463,9,MKIGIGILL,MKIGIGILL,MKIGIGILL,0.002203,5.6
MT862855,495,MHC-I,HLA-A*02:01,1,423,431,9,GSIGGVFTS,GSIGGVFTS,GSIGGVFTS,0.002138,10
MT862855,495,MHC-I,HLA-A*02:01,1,339,347,9,TQDEKGVTQ,TQDEKGVTQ,TQDEKGVTQ,0.002034,11
MT862855,495,MHC-I,HLA-A*02:01,1,233,241,9,RQDLLVTFK,RQDLLVTFK,RQDLLVTFK,0.002027,11
MT862855,495,MHC-I,HLA-B*44:02,1,165,173,9,TPQAPTSEI,TPQAPTSEI,TPQAPTSEI,0.002025,5.8
MT862855,495,MHC-I,HLA-A*02:01,1,117,125,9,AKFKCVTKL,AKFKCVTKL,AKFKCVTKL,0.002001,11
MT862855,495,MHC-I,HLA-A*02:01,1,156,164,9,TEHGTIATI,TEHGTIATI,TEHGTIATI,0.001984,11
MT862855,495,MHC-I,HLA-B*44:02,1,38,46,9,KPTLDIELL,KPTLDIELL,KPTLDIELL,0.001978,5.9
MT862855,495,MHC-I,HLA-A*02:01,1,82,90,9,LVEEQDANF,LVEEQDANF,LVEEQDANF,0.001963,11
MT862855,495,MHC-I,HLA-A*02:01,1,232,240,9,NRQDLLVTF,NRQDLLVTF,NRQDLLVTF,0.001955,11
MT862855,495,MHC-I,HLA-B*44:02,1,431,439,9,SVGKLVHQV,SVGKLVHQV,SVGKLVHQV,0.001824,6.1
MT862855,495,MHC-I,HLA-B*44:02,1,33,41,9,TMAKNKPTL,TMAKNKPTL,TMAKNKPTL,0.001788,6.1
MT862855,495,MHC-I,HLA-B*44:02,1,191,199,9,LDFNEMVLL,LDFNEMVLL,LDFNEMVLL,0.001725,6.2
MT862855,495,MHC-I,HLA-A*02:01,1,191,199,9,LDFNEMVLL,LDFNEMVLL,LDFNEMVLL,0.001708,12
MT862855,495,MHC-I,HLA-A*02:01,1,320,328,9,VLVQVKYEG,VLVQVKYEG,VLVQVKYEG,0.001695,12
MT862855,495,MHC-I,HLA-A*02:01,1,337,345,9,FSTQDEKGV,FSTQDEKGV,FSTQDEKGV,0.001662,12
MT862855,495,MHC-I,HLA-A*02:01,1,42,50,9,DIELLKTEV,DIELLKTEV,DIELLKTEV,0.001645,12
MT862855,495,MHC-I,HLA-A*02:01,1,197,205,9,VLLTMKEKS,VLLTMKEKS,VLLTMKEKS,0.001632,12
MT862855,495,MHC-I,HLA-B*44:02,1,421,429,9,DFGSIGGVF,DFGSIGGVF,DFGSIGGVF,0.001614,6.4
MT862855,495,MHC-I,HLA-B*44:02,1,106,114,9,GLFGKGSLL,GLFGKGSLL,GLFGKGSLL,0.001592,6.5
MT862855,495,MHC-I,HLA-A*02:01,1,288,296,9,KMDKLTLKG,KMDKLTLKG,KMDKLTLKG,0.001588,12
MT862855,495,MHC-I,HLA-B*44:02,1,432,440,9,VGKLVHQVF,VGKLVHQVF,VGKLVHQVF,0.001582,6.5
MT862855,495,MHC-I,HLA-B*44:02,1,82,90,9,LVEEQDANF,LVEEQDANF,LVEEQDANF,0.001519,6.6
MT862855,495,MHC-I,HLA-B*44:02,1,183,191,9,LDCSPRTGL,LDCSPRTGL,LDCSPRTGL,0.001491,6.7
MT862855,495,MHC-I,HLA-A*02:01,1,181,189,9,LTLDCSPRT,LTLDCSPRT,LTLDCSPRT,0.001474,12
MT862855,495,MHC-I,HLA-A*02:01,1,465,473,9,WLGLNSRST,WLGLNSRST,WLGLNSRST,0.001466,12
MT862855,495,MHC-I,HLA-A*02:01,1,477,485,9,MTCVAVGMV,MTCVAVGMV,MTCVAVGMV,0.001463,12
MT862855,495,MHC-I,HLA-A*02:01,1,428,436,9,VFTSVGKLV,VFTSVGKLV,VFTSVGKLV,0.001426,12
MT862855,495,MHC-I,HLA-B*44:02,1,233,241,9,RQDLLVTFK,RQDLLVTFK,RQDLLVTFK,0.001423,6.8
MT862855,495,MHC-I,HLA-A*02:01,1,50,58,9,VTNPAVLRK,VTNPAVLRK,VTNPAVLRK,0.00142,12
MT862855,495,MHC-I,HLA-B*44:02,1,125,133,9,LEGKIVQYE,LEGKIVQYE,LEGKIVQYE,0.001414,6.8
MT862855,495,MHC-I,HLA-A*02:01,1,462,470,9,LLTWLGLNS,LLTWLGLNS,LLTWLGLNS,0.001384,13
MT862855,495,MHC-I,HLA-B*44:02,1,85,93,9,EQDANFVCR,EQDANFVCR,EQDANFVCR,0.001356,6.9
MT862855,495,MHC-I,HLA-A*02:01,1,113,121,9,LLTCAKFKC,LLTCAKFKC,LLTCAKFKC,0.001347,13
MT862855,495,MHC-I,HLA-B*44:02,1,25,33,9,LEHGSCVTT,LEHGSCVTT,LEHGSCVTT,0.001343,7
MT862855,495,MHC-I,HLA-A*02:01,1,445,453,9,GVLFSGVSW,GVLFSGVSW,GVLFSGVSW,0.001334,13
MT862855,495,MHC-I,HLA-A*02:01,1,137,145,9,YSVIVTVHT,YSVIVTVHT,YSVIVTVHT,0.00133,13
MT862855,495,MHC-I,HLA-B*44:02,1,51,59,9,TNPAVLRKL,TNPAVLRKL,TNPAVLRKL,0.001328,7
MT862855,495,MHC-I,HLA-B*44:02,1,43,51,9,IELLKTEVT,IELLKTEVT,IELLKTEVT,0.001319,7.1
MT862855,495,MHC-I,HLA-A*02:01,1,24,32,9,VLEHGSCVT,VLEHGSCVT,VLEHGSCVT,0.001299,13
MT862855,495,MHC-I,HLA-B*44:02,1,381,389,9,GAGEKALKL,GAGEKALKL,GAGEKALKL,0.001273,7.2
MT862855,495,MHC-I,HLA-B*44:02,1,242,250,9,TAHAKKQEV,TAHAKKQEV,TAHAKKQEV,0.001267,7.2
MT862855,495,MHC-I,HLA-A*02:01,1,344,352,9,GVTQNGRLI,GVTQNGRLI,GVTQNGRLI,0.001262,13
MT862855,495,MHC-I,HLA-B*44:02,1,467,475,9,GLNSRSTSL,GLNSRSTSL,GLNSRSTSL,0.001251,7.2
MT862855,495,MHC-I,HLA-A*02:01,1,316,324,9,QHGTVLVQV,QHGTVLVQV,QHGTVLVQV,0.00119,13
MT862855,495,MHC-I,HLA-B*44:02,1,200,208,9,TMKEKSWLV,TMKEKSWLV,TMKEKSWLV,0.001188,7.4
MT862855,495,MHC-I,HLA-A*02:01,1,4,12,9,VGIGNRDFV,VGIGNRDFV,VGIGNRDFV,0.001176,13
MT862855,495,MHC-I,HLA-A*02:01,1,279,287,9,FAGHLKCRL,FAGHLKCRL,FAGHLKCRL,0.001164,14
MT862855,495,MHC-I,HLA-B*44:02,1,205,213,9,SWLVHKQWF,SWLVHKQWF,SWLVHKQWF,0.001141,7.6
MT862855,495,MHC-I,HLA-B*44:02,1,229,237,9,ETWNRQDLL,ETWNRQDLL,ETWNRQDLL,0.001129,7.6
MT862855,495,MHC-I,HLA-A*02:01,1,311,319,9,EVAETQHGT,EVAETQHGT,EVAETQHGT,0.00112,14
MT862855,495,MHC-I,HLA-A*02:01,1,131,139,9,QYENLKYSV,QYENLKYSV,QYENLKYSV,0.001117,14
MT862855,495,MHC-I,HLA-A*02:01,1,245,253,9,AKKQEVVVL,AKKQEVVVL,AKKQEVVVL,0.001111,14
MT862855,495,MHC-I,HLA-A*02:01,1,471,479,9,RSTSLSMTC,RSTSLSMTC,RSTSLSMTC,0.001091,14
MT862855,495,MHC-I,HLA-B*44:02,1,365,373,9,VNIETEPPF,VNIETEPPF,VNIETEPPF,0.001068,7.8
MT862855,495,MHC-I,HLA-A*02:01,1,163,171,9,TITPQAPTS,TITPQAPTS,TITPQAPTS,0.001037,14
MT862855,495,MHC-I,HLA-B*44:02,1,314,322,9,ETQHGTVLV,ETQHGTVLV,ETQHGTVLV,0.001015,7.9
MT862855,495,MHC-I,HLA-A*02:01,1,188,196,9,RTGLDFNEM,RTGLDFNEM,RTGLDFNEM,0.001014,14
MT862855,495,MHC-I,HLA-B*44:02,1,86,94,9,QDANFVCRR,QDANFVCRR,QDANFVCRR,0.001012,7.9
MT862855,495,MHC-I,HLA-A*02:01,1,351,359,9,LITANPIVT,LITANPIVT,LITANPIVT,0.001009,14
MT862855,495,MHC-I,HLA-A*02:01,1,272,280,9,TSGTTTIFA,TSGTTTIFA,TSGTTTIFA,0.001009,14
MT862855,495,MHC-I,HLA-B*44:02,1,286,294,9,RLKMDKLTL,RLKMDKLTL,RLKMDKLTL,0.000983,8
MT862855,495,MHC-I,HLA-A*02:01,1,313,321,9,AETQHGTVL,AETQHGTVL,AETQHGTVL,0.000957,15
MT862855,495,MHC-I,HLA-A*02:01,1,143,151,9,VHTGDQHQV,VHTGDQHQV,VHTGDQHQV,0.000944,15
MT862855,495,MHC-I,HLA-A*02:01,1,7,15,9,GNRDFVEGL,GNRDFVEGL,GNRDFVEGL,0.000943,15
MT862855,495,MHC-I,HLA-A*02:01,1,38,46,9,KPTLDIELL,KPTLDIELL,KPTLDIELL,0.000935,15
MT862855,495,MHC-I,HLA-B*44:02,1,262,270,9,TALTGATEI,TALTGATEI,TALTGATEI,0.000914,8.3
MT862855,495,MHC-I,HLA-A*02:01,1,318,326,9,GTVLVQVKY,GTVLVQVKY,GTVLVQVKY,0.000875,15
MT862855,495,MHC-I,HLA-B*44:02,1,402,410,9,FEATARGAR,FEATARGAR,FEATARGAR,0.000865,8.5
MT862855,495,MHC-I,HLA-A*02:01,1,225,233,9,STSQETWNR,STSQETWNR,STSQETWNR,0.000856,15
MT862855,495,MHC-I,HLA-A*02:01,1,10,18,9,DFVEGLSGA,DFVEGLSGA,DFVEGLSGA,0.000854,15
MT862855,495,MHC-I,HLA-A*02:01,1,19,27,9,TWVDVVLEH,TWVDVVLEH,TWVDVVLEH,0.00085,15
MT862855,495,MHC-I,HLA-A*02:01,1,165,173,9,TPQAPTSEI,TPQAPTSEI,TPQAPTSEI,0.000841,15
MT862855,495,MHC-I,HLA-A*02:01,1,202,210,9,KEKSWLVHK,KEKSWLVHK,KEKSWLVHK,0.000838,15
MT862855,495,MHC-I,HLA-B*44:02,1,210,218,9,KQWFLDLPL,KQWFLDLPL,KQWFLDLPL,0.000835,8.7
MT862855,495,MHC-I,HLA-A*02:01,1,129,137,9,IVQYENLKY,IVQYENLKY,IVQYENLKY,0.000825,15
MT862855,495,MHC-I,HLA-A*02:01,1,48,56,9,TEVTNPAVL,TEVTNPAVL,TEVTNPAVL,0.000823,15
MT862855,495,MHC-I,HLA-A*02:01,1,236,244,9,LLVTFKTAH,LLVTFKTAH,LLVTFKTAH,0.000812,16
MT862855,495,MHC-I,HLA-A*02:01,1,480,488,9,VAVGMVTLY,VAVGMVTLY,VAVGMVTLY,0.000808,16
MT862855,495,MHC-I,HLA-A*02:01,1,114,122,9,LTCAKFKCV,LTCAKFKCV,LTCAKFKCV,0.000794,16
MT862855,495,MHC-I,HLA-B*44:02,1,390,398,9,SWFKRGSSI,SWFKRGSSI,SWFKRGSSI,0.000767,9
MT862855,495,MHC-I,HLA-A*02:01,1,212,220,9,WFLDLPLPW,WFLDLPLPW,WFLDLPLPW,0.000744,16
MT862855,495,MHC-I,HLA-A*02:01,1,271,279,9,QTSGTTTIF,QTSGTTTIF,QTSGTTTIF,0.000731,16
MT862855,495,MHC-I,HLA-A*02:01,1,457,465,9,IGIGILLTW,IGIGILLTW,IGIGILLTW,0.000729,16
MT862855,495,MHC-I,HLA-A*02:01,1,388,396,9,KLSWFKRGS,KLSWFKRGS,KLSWFKRGS,0.000708,16
MT862855,495,MHC-I,HLA-B*44:02,1,238,246,9,VTFKTAHAK,VTFKTAHAK,VTFKTAHAK,0.000705,9.4
MT862855,495,MHC-I,HLA-B*44:02,1,203,211,9,EKSWLVHKQ,EKSWLVHKQ,EKSWLVHKQ,0.000702,9.4
MT862855,495,MHC-I,HLA-A*02:01,1,359,367,9,TDKEKPVNI,TDKEKPVNI,TDKEKPVNI,0.000696,17
MT862855,495,MHC-I,HLA-A*02:01,1,238,246,9,VTFKTAHAK,VTFKTAHAK,VTFKTAHAK,0.00069,17
MT862855,495,MHC-I,HLA-A*02:01,1,138,146,9,SVIVTVHTG,SVIVTVHTG,SVIVTVHTG,0.00067,17
MT862855,495,MHC-I,HLA-A*02:01,1,198,206,9,LLTMKEKSW,LLTMKEKSW,LLTMKEKSW,0.000666,17
MT862855,495,MHC-I,HLA-B*44:02,1,170,178,9,TSEIQLTDY,TSEIQLTDY,TSEIQLTDY,0.00066,9.6
MT862855,495,MHC-I,HLA-B*44:02,1,168,176,9,APTSEIQLT,APTSEIQLT,APTSEIQLT,0.00064,9.7
MT862855,495,MHC-I,HLA-B*44:02,1,298,306,9,SYVMCTGSF,SYVMCTGSF,SYVMCTGSF,0.000632,9.8
MT862855,495,MHC-I,HLA-A*02:01,1,243,251,9,AHAKKQEVV,AHAKKQEVV,AHAKKQEVV,0.00063,17
MT862855,495,MHC-I,HLA-A*02:01,1,51,59,9,TNPAVLRKL,TNPAVLRKL,TNPAVLRKL,0.000622,17
MT862855,495,MHC-I,HLA-B*44:02,1,447,455,9,LFSGVSWTM,LFSGVSWTM,LFSGVSWTM,0.000607,10
MT862855,495,MHC-I,HLA-B*44:02,1,304,312,9,GSFKLEKEV,GSFKLEKEV,GSFKLEKEV,0.000605,10
MT862855,495,MHC-I,HLA-B*44:02,1,7,15,9,GNRDFVEGL,GNRDFVEGL,GNRDFVEGL,0.000605,10
MT862855,495,MHC-I,HLA-B*44:02,1,147,155,9,DQHQVGNET,DQHQVGNET,DQHQVGNET,0.000592,11
MT862855,495,MHC-I,HLA-A*02:01,1,369,377,9,TEPPFGESY,TEPPFGESY,TEPPFGESY,0.000592,18
MT862855,495,MHC-I,HLA-A*02:01,1,211,219,9,QWFLDLPLP,QWFLDLPLP,QWFLDLPLP,0.000592,18
MT862855,495,MHC-I,HLA-A*02:01,1,230,238,9,TWNRQDLLV,TWNRQDLLV,TWNRQDLLV,0.000588,18
MT862855,495,MHC-I,HLA-B*44:02,1,353,361,9,TANPIVTDK,TANPIVTDK,TANPIVTDK,0.000587,11
MT862855,495,MHC-I,HLA-A*02:01,1,312,320,9,VAETQHGTV,VAETQHGTV,VAETQHGTV,0.000578,18
MT862855,495,MHC-I,HLA-A*02:01,1,463,471,9,LTWLGLNSR,LTWLGLNSR,LTWLGLNSR,0.000575,18
MT862855,495,MHC-I,HLA-A*02:01,1,420,428,9,WDFGSIGGV,WDFGSIGGV,WDFGSIGGV,0.000571,18
MT862855,495,MHC-I,HLA-A*02:01,1,193,201,9,FNEMVLLTM,FNEMVLLTM,FNEMVLLTM,0.000558,18
MT862855,495,MHC-I,HLA-B*44:02,1,234,242,9,QDLLVTFKT,QDLLVTFKT,QDLLVTFKT,0.000552,11
MT862855,495,MHC-I,HLA-A*02:01,1,132,140,9,YENLKYSVI,YENLKYSVI,YENLKYSVI,0.000544,18
MT862855,495,MHC-I,HLA-A*02:01,1,386,394,9,ALKLSWFKR,ALKLSWFKR,ALKLSWFKR,0.000531,18
MT862855,495,MHC-I,HLA-A*02:01,1,469,477,9,NSRSTSLSM,NSRSTSLSM,NSRSTSLSM,0.000529,18
MT862855,495,MHC-I,HLA-A*02:01,1,404,412,9,ATARGARRM,ATARGARRM,ATARGARRM,0.000529,18
MT862855,495,MHC-I,HLA-B*44:02,1,50,58,9,VTNPAVLRK,VTNPAVLRK,VTNPAVLRK,0.000523,11
MT862855,495,MHC-I,HLA-B*44:02,1,19,27,9,TWVDVVLEH,TWVDVVLEH,TWVDVVLEH,0.000509,11
MT862855,495,MHC-I,HLA-B*44:02,1,414,422,9,ILGDTAWDF,ILGDTAWDF,ILGDTAWDF,0.000508,11
MT862855,495,MHC-I,HLA-A*02:01,1,216,224,9,LPLPWTSGA,LPLPWTSGA,LPLPWTSGA,0.000506,19
MT862855,495,MHC-I,HLA-A*02:01,1,263,271,9,ALTGATEIQ,ALTGATEIQ,ALTGATEIQ,0.000505,19
MT862855,495,MHC-I,HLA-A*02:01,1,37,45,9,NKPTLDIEL,NKPTLDIEL,NKPTLDIEL,0.000504,19
MT862855,495,MHC-I,HLA-B*44:02,1,135,143,9,LKYSVIVTV,LKYSVIVTV,LKYSVIVTV,0.000501,11
MT862855,495,MHC-I,HLA-A*02:01,1,254,262,9,GSQEGAMHT,GSQEGAMHT,GSQEGAMHT,0.000496,19
MT862855,495,MHC-I,HLA-A*02:01,1,13,21,9,EGLSGATWV,EGLSGATWV,EGLSGATWV,0.000489,19
MT862855,495,MHC-I,HLA-B*44:02,1,160,168,9,TIATITPQA,TIATITPQA,TIATITPQA,0.000476,12
MT862855,495,MHC-I,HLA-A*02:01,1,75,83,9,PTQGEATLV,PTQGEATLV,PTQGEATLV,0.000475,19
MT862855,495,MHC-I,HLA-B*44:02,1,281,289,9,GHLKCRLKM,GHLKCRLKM,GHLKCRLKM,0.000456,12
MT862855,495,MHC-I,HLA-B*44:02,1,131,139,9,QYENLKYSV,QYENLKYSV,QYENLKYSV,0.000456,12
MT862855,495,MHC-I,HLA-A*02:01,1,441,449,9,GTAYGVLFS,GTAYGVLFS,GTAYGVLFS,0.000454,20
MT862855,495,MHC-I,HLA-B*44:02,1,225,233,9,STSQETWNR,STSQETWNR,STSQETWNR,0.000453,12
MT862855,495,MHC-I,HLA-B*44:02,1,344,352,9,GVTQNGRLI,GVTQNGRLI,GVTQNGRLI,0.000443,12
MT862855,495,MHC-I,HLA-A*02:01,1,315,323,9,TQHGTVLVQ,TQHGTVLVQ,TQHGTVLVQ,0.00044,20
MT862855,495,MHC-I,HLA-A*02:01,1,14,22,9,GLSGATWVD,GLSGATWVD,GLSGATWVD,0.000433,20
MT862855,495,MHC-I,HLA-A*02:01,1,275,283,9,TTTIFAGHL,TTTIFAGHL,TTTIFAGHL,0.000426,20
MT862855,495,MHC-I,HLA-B*44:02,1,74,82,9,CPTQGEATL,CPTQGEATL,CPTQGEATL,0.000424,12
MT862855,495,MHC-I,HLA-A*02:01,1,18,26,9,ATWVDVVLE,ATWVDVVLE,ATWVDVVLE,0.000421,20
MT862855,495,MHC-I,HLA-A*02:01,1,412,420,9,MAILGDTAW,MAILGDTAW,MAILGDTAW,0.000404,21
MT862855,495,MHC-I,HLA-A*02:01,1,85,93,9,EQDANFVCR,EQDANFVCR,EQDANFVCR,0.000404,21
MT862855,495,MHC-I,HLA-A*02:01,1,443,451,9,AYGVLFSGV,AYGVLFSGV,AYGVLFSGV,0.000403,21
MT862855,495,MHC-I,HLA-A*02:01,1,172,180,9,EIQLTDYGA,EIQLTDYGA,EIQLTDYGA,0.000401,21
MT862855,495,MHC-I,HLA-B*44:02,1,469,477,9,NSRSTSLSM,NSRSTSLSM,NSRSTSLSM,0.000398,12
MT862855,495,MHC-I,HLA-A*02:01,1,183,191,9,LDCSPRTGL,LDCSPRTGL,LDCSPRTGL,0.000397,21
MT862855,495,MHC-I,HLA-A*02:01,1,353,361,9,TANPIVTDK,TANPIVTDK,TANPIVTDK,0.000392,21
MT862855,495,MHC-I,HLA-B*44:02,1,127,135,9,GKIVQYENL,GKIVQYENL,GKIVQYENL,0.000382,13
MT862855,495,MHC-I,HLA-A*02:01,1,128,136,9,KIVQYENLK,KIVQYENLK,KIVQYENLK,0.000381,21
MT862855,495,MHC-I,HLA-A*02:01,1,122,130,9,VTKLEGKIV,VTKLEGKIV,VTKLEGKIV,0.000379,21
MT862855,495,MHC-I,HLA-A*02:01,1,204,212,9,KSWLVHKQW,KSWLVHKQW,KSWLVHKQW,0.000368,21
MT862855,495,MHC-I,HLA-B*44:02,1,23,31,9,VVLEHGSCV,VVLEHGSCV,VVLEHGSCV,0.000364,13
MT862855,495,MHC-I,HLA-B*44:02,1,311,319,9,EVAETQHGT,EVAETQHGT,EVAETQHGT,0.000363,13
MT862855,495,MHC-I,HLA-A*02:01,1,196,204,9,MVLLTMKEK,MVLLTMKEK,MVLLTMKEK,0.000362,21
MT862855,495,MHC-I,HLA-A*02:01,1,417,425,9,DTAWDFGSI,DTAWDFGSI,DTAWDFGSI,0.00036,21
MT862855,495,MHC-I,HLA-A*02:01,1,295,303,9,KGMSYVMCT,KGMSYVMCT,KGMSYVMCT,0.000357,21
MT862855,495,MHC-I,HLA-A*02:01,1,133,141,9,ENLKYSVIV,ENLKYSVIV,ENLKYSVIV,0.000354,22
MT862855,495,MHC-I,HLA-B*44:02,1,244,252,9,HAKKQEVVV,HAKKQEVVV,HAKKQEVVV,0.000353,13
MT862855,495,MHC-I,HLA-A*02:01,1,473,481,9,TSLSMTCVA,TSLSMTCVA,TSLSMTCVA,0.000352,22
MT862855,495,MHC-I,HLA-A*02:01,1,398,406,9,IGKMFEATA,IGKMFEATA,IGKMFEATA,0.000351,22
MT862855,495,MHC-I,HLA-B*44:02,1,428,436,9,VFTSVGKLV,VFTSVGKLV,VFTSVGKLV,0.00035,13
MT862855,495,MHC-I,HLA-A*02:01,1,121,129,9,CVTKLEGKI,CVTKLEGKI,CVTKLEGKI,0.000346,22
MT862855,495,MHC-I,HLA-B*44:02,1,481,489,9,AVGMVTLYL,AVGMVTLYL,AVGMVTLYL,0.000344,13
MT862855,495,MHC-I,HLA-B*44:02,1,427,435,9,GVFTSVGKL,GVFTSVGKL,GVFTSVGKL,0.000344,13
MT862855,495,MHC-I,HLA-A*02:01,1,383,391,9,GEKALKLSW,GEKALKLSW,GEKALKLSW,0.00034,22
MT862855,495,MHC-I,HLA-A*02:01,1,385,393,9,KALKLSWFK,KALKLSWFK,KALKLSWFK,0.000336,22
MT862855,495,MHC-I,HLA-B*44:02,1,315,323,9,TQHGTVLVQ,TQHGTVLVQ,TQHGTVLVQ,0.000332,14
MT862855,495,MHC-I,HLA-A*02:01,1,374,382,9,GESYIVVGA,GESYIVVGA,GESYIVVGA,0.000332,22
MT862855,495,MHC-I,HLA-A*02:01,1,11,19,9,FVEGLSGAT,FVEGLSGAT,FVEGLSGAT,0.000329,22
MT862855,495,MHC-I,HLA-B*44:02,1,175,183,9,LTDYGALTL,LTDYGALTL,LTDYGALTL,0.000326,14
MT862855,495,MHC-I,HLA-B*44:02,1,287,295,9,LKMDKLTLK,LKMDKLTLK,LKMDKLTLK,0.000324,14
MT862855,495,MHC-I,HLA-B*44:02,1,235,243,9,DLLVTFKTA,DLLVTFKTA,DLLVTFKTA,0.000324,14
MT862855,495,MHC-I,HLA-B*44:02,1,167,175,9,QAPTSEIQL,QAPTSEIQL,QAPTSEIQL,0.000323,14
MT862855,495,MHC-I,HLA-A*02:01,1,284,292,9,KCRLKMDKL,KCRLKMDKL,KCRLKMDKL,0.000322,22
MT862855,495,MHC-I,HLA-B*44:02,1,293,301,9,TLKGMSYVM,TLKGMSYVM,TLKGMSYVM,0.000321,14
MT862855,495,MHC-I,HLA-A*02:01,1,60,68,9,CIEAKISNT,CIEAKISNT,CIEAKISNT,0.000319,22
MT862855,495,MHC-I,HLA-B*44:02,1,136,144,9,KYSVIVTVH,KYSVIVTVH,KYSVIVTVH,0.000315,14
MT862855,495,MHC-I,HLA-B*44:02,1,49,57,9,EVTNPAVLR,EVTNPAVLR,EVTNPAVLR,0.000315,14
MT862855,495,MHC-I,HLA-A*02:01,1,365,373,9,VNIETEPPF,VNIETEPPF,VNIETEPPF,0.000312,22
MT862855,495,MHC-I,HLA-A*02:01,1,80,88,9,ATLVEEQDA,ATLVEEQDA,ATLVEEQDA,0.000312,22
MT862855,495,MHC-I,HLA-A*02:01,1,111,119,9,GSLLTCAKF,GSLLTCAKF,GSLLTCAKF,0.000308,23
MT862855,495,MHC-I,HLA-A*02:01,1,74,82,9,CPTQGEATL,CPTQGEATL,CPTQGEATL,0.000308,23
MT862855,495,MHC-I,HLA-A*02:01,1,264,272,9,LTGATEIQT,LTGATEIQT,LTGATEIQT,0.000305,23
MT862855,495,MHC-I,HLA-A*02:01,1,155,163,9,TTEHGTIAT,TTEHGTIAT,TTEHGTIAT,0.000301,23
MT862855,495,MHC-I,HLA-B*44:02,1,440,448,9,FGTAYGVLF,FGTAYGVLF,FGTAYGVLF,0.0003,14
MT862855,495,MHC-I,HLA-B*44:02,1,37,45,9,NKPTLDIEL,NKPTLDIEL,NKPTLDIEL,0.000299,14
MT862855,495,MHC-I,HLA-A*02:01,1,223,231,9,GASTSQETW,GASTSQETW,GASTSQETW,0.000298,23
MT862855,495,MHC-I,HLA-B*44:02,1,438,446,9,QVFGTAYGV,QVFGTAYGV,QVFGTAYGV,0.000294,14
MT862855,495,MHC-I,HLA-B*44:02,1,300,308,9,VMCTGSFKL,VMCTGSFKL,VMCTGSFKL,0.000293,14
MT862855,495,MHC-I,HLA-A*02:01,1,484,492,9,MVTLYLGVM,MVTLYLGVM,MVTLYLGVM,0.00029,23
MT862855,495,MHC-I,HLA-A*02:01,1,182,190,9,TLDCSPRTG,TLDCSPRTG,TLDCSPRTG,0.00029,23
MT862855,495,MHC-I,HLA-B*44:02,1,420,428,9,WDFGSIGGV,WDFGSIGGV,WDFGSIGGV,0.000286,14
MT862855,495,MHC-I,HLA-A*02:01,1,287,295,9,LKMDKLTLK,LKMDKLTLK,LKMDKLTLK,0.000286,23
MT862855,495,MHC-I,HLA-B*44:02,1,309,317,9,EKEVAETQH,EKEVAETQH,EKEVAETQH,0.000283,14
MT862855,495,MHC-I,HLA-A*02:01,1,442,450,9,TAYGVLFSG,TAYGVLFSG,TAYGVLFSG,0.000283,23
MT862855,495,MHC-I,HLA-A*02:01,1,49,57,9,EVTNPAVLR,EVTNPAVLR,EVTNPAVLR,0.00028,23
MT862855,495,MHC-I,HLA-B*44:02,1,327,335,9,EGTDAPCKI,EGTDAPCKI,EGTDAPCKI,0.000279,15
MT862855,495,MHC-I,HLA-A*02:01,1,15,23,9,LSGATWVDV,LSGATWVDV,LSGATWVDV,0.000279,23
MT862855,495,MHC-I,HLA-A*02:01,1,192,200,9,DFNEMVLLT,DFNEMVLLT,DFNEMVLLT,0.000278,23
MT862855,495,MHC-I,HLA-B*44:02,1,424,432,9,SIGGVFTSV,SIGGVFTSV,SIGGVFTSV,0.000275,15
MT862855,495,MHC-I,HLA-B*44:02,1,41,49,9,LDIELLKTE,LDIELLKTE,LDIELLKTE,0.000273,15
MT862855,495,MHC-I,HLA-B*44:02,1,276,284,9,TTIFAGHLK,TTIFAGHLK,TTIFAGHLK,0.000269,15
MT862855,495,MHC-I,HLA-B*44:02,1,150,158,9,QVGNETTEH,QVGNETTEH,QVGNETTEH,0.000267,15
MT862855,495,MHC-I,HLA-A*02:01,1,422,430,9,FGSIGGVFT,FGSIGGVFT,FGSIGGVFT,0.000267,24
MT862855,495,MHC-I,HLA-B*44:02,1,393,401,9,KRGSSIGKM,KRGSSIGKM,KRGSSIGKM,0.000264,15
MT862855,495,MHC-I,HLA-B*44:02,1,335,343,9,IPFSTQDEK,IPFSTQDEK,IPFSTQDEK,0.000264,15
MT862855,495,MHC-I,HLA-A*02:01,1,377,385,9,YIVVGAGEK,YIVVGAGEK,YIVVGAGEK,0.000263,24
MT862855,495,MHC-I,HLA-A*02:01,1,39,47,9,PTLDIELLK,PTLDIELLK,PTLDIELLK,0.000263,24
MT862855,495,MHC-I,HLA-A*02:01,1,149,157,9,HQVGNETTE,HQVGNETTE,HQVGNETTE,0.00026,24
MT862855,495,MHC-I,HLA-B*44:02,1,173,181,9,IQLTDYGAL,IQLTDYGAL,IQLTDYGAL,0.000256,15
MT862855,495,MHC-I,HLA-B*44:02,1,406,414,9,ARGARRMAI,ARGARRMAI,ARGARRMAI,0.000251,15
MT862855,495,MHC-I,HLA-A*02:01,1,276,284,9,TTIFAGHLK,TTIFAGHLK,TTIFAGHLK,0.000245,25
MT862855,495,MHC-I,HLA-A*02:01,1,76,84,9,TQGEATLVE,TQGEATLVE,TQGEATLVE,0.000245,25
MT862855,495,MHC-I,HLA-A*02:01,1,407,415,9,RGARRMAIL,RGARRMAIL,RGARRMAIL,0.000243,25
MT862855,495,MHC-I,HLA-A*02:01,1,430,438,9,TSVGKLVHQ,TSVGKLVHQ,TSVGKLVHQ,0.000242,25
MT862855,495,MHC-I,HLA-A*02:01,1,247,255,9,KQEVVVLGS,KQEVVVLGS,KQEVVVLGS,0.00024,25
MT862855,495,MHC-I,HLA-A*02:01,1,154,162,9,ETTEHGTIA,ETTEHGTIA,ETTEHGTIA,0.00024,25
MT862855,495,MHC-I,HLA-B*44:02,1,274,282,9,GTTTIFAGH,GTTTIFAGH,GTTTIFAGH,0.000238,16
MT862855,495,MHC-I,HLA-A*02:01,1,361,369,9,KEKPVNIET,KEKPVNIET,KEKPVNIET,0.000232,25
MT862855,495,MHC-I,HLA-B*44:02,1,111,119,9,GSLLTCAKF,GSLLTCAKF,GSLLTCAKF,0.00023,16
MT862855,495,MHC-I,HLA-A*02:01,1,299,307,9,YVMCTGSFK,YVMCTGSFK,YVMCTGSFK,0.000227,25
MT862855,495,MHC-I,HLA-A*02:01,1,164,172,9,ITPQAPTSE,ITPQAPTSE,ITPQAPTSE,0.000224,25
MT862855,495,MHC-I,HLA-B*44:02,1,130,138,9,VQYENLKYS,VQYENLKYS,VQYENLKYS,0.000221,16
MT862855,495,MHC-I,HLA-A*02:01,1,112,120,9,SLLTCAKFK,SLLTCAKFK,SLLTCAKFK,0.000217,26
MT862855,495,MHC-I,HLA-A*02:01,1,180,188,9,ALTLDCSPR,ALTLDCSPR,ALTLDCSPR,0.000214,26
MT862855,495,MHC-I,HLA-B*44:02,1,9,17,9,RDFVEGLSG,RDFVEGLSG,RDFVEGLSG,0.000213,16
MT862855,495,MHC-I,HLA-A*02:01,1,352,360,9,ITANPIVTD,ITANPIVTD,ITANPIVTD,0.000211,26
MT862855,495,MHC-I,HLA-A*02:01,1,208,216,9,VHKQWFLDL,VHKQWFLDL,VHKQWFLDL,0.000207,26
MT862855,495,MHC-I,HLA-A*02:01,1,429,437,9,FTSVGKLVH,FTSVGKLVH,FTSVGKLVH,0.000206,26
MT862855,495,MHC-I,HLA-A*02:01,1,58,66,9,KLCIEAKIS,KLCIEAKIS,KLCIEAKIS,0.000204,26
MT862855,495,MHC-I,HLA-A*02:01,1,296,304,9,GMSYVMCTG,GMSYVMCTG,GMSYVMCTG,0.0002,26
MT862855,495,MHC-I,HLA-A*02:01,1,321,329,9,LVQVKYEGT,LVQVKYEGT,LVQVKYEGT,0.000198,27
MT862855,495,MHC-I,HLA-A*02:01,1,222,230,9,SGASTSQET,SGASTSQET,SGASTSQET,0.000198,27
MT862855,495,MHC-I,HLA-A*02:01,1,440,448,9,FGTAYGVLF,FGTAYGVLF,FGTAYGVLF,0.000194,27
MT862855,495,MHC-I,HLA-A*02:01,1,83,91,9,VEEQDANFV,VEEQDANFV,VEEQDANFV,0.000194,27
MT862855,495,MHC-I,HLA-A*02:01,1,370,378,9,EPPFGESYI,EPPFGESYI,EPPFGESYI,0.000193,27
MT862855,495,MHC-I,HLA-A*02:01,1,32,40,9,TTMAKNKPT,TTMAKNKPT,TTMAKNKPT,0.000193,27
MT862855,495,MHC-I,HLA-B*44:02,1,396,404,9,SSIGKMFEA,SSIGKMFEA,SSIGKMFEA,0.000188,17
MT862855,495,MHC-I,HLA-B*44:02,1,222,230,9,SGASTSQET,SGASTSQET,SGASTSQET,0.000186,17
MT862855,495,MHC-I,HLA-A*02:01,1,278,286,9,IFAGHLKCR,IFAGHLKCR,IFAGHLKCR,0.000184,27
MT862855,495,MHC-I,HLA-B*44:02,1,368,376,9,ETEPPFGES,ETEPPFGES,ETEPPFGES,0.000182,18
MT862855,495,MHC-I,HLA-A*02:01,1,331,339,9,APCKIPFST,APCKIPFST,APCKIPFST,0.000179,28
MT862855,495,MHC-I,HLA-A*02:01,1,305,313,9,SFKLEKEVA,SFKLEKEVA,SFKLEKEVA,0.000179,28
MT862855,495,MHC-I,HLA-B*44:02,1,379,387,9,VVGAGEKAL,VVGAGEKAL,VVGAGEKAL,0.000178,18
MT862855,495,MHC-I,HLA-B*44:02,1,214,222,9,LDLPLPWTS,LDLPLPWTS,LDLPLPWTS,0.000178,18
MT862855,495,MHC-I,HLA-B*44:02,1,208,216,9,VHKQWFLDL,VHKQWFLDL,VHKQWFLDL,0.000178,18
MT862855,495,MHC-I,HLA-B*44:02,1,239,247,9,TFKTAHAKK,TFKTAHAKK,TFKTAHAKK,0.000176,18
MT862855,495,MHC-I,HLA-B*44:02,1,63,71,9,AKISNTTTD,AKISNTTTD,AKISNTTTD,0.000174,18
MT862855,495,MHC-I,HLA-B*44:02,1,133,141,9,ENLKYSVIV,ENLKYSVIV,ENLKYSVIV,0.000173,18
MT862855,495,MHC-I,HLA-A*02:01,1,195,203,9,EMVLLTMKE,EMVLLTMKE,EMVLLTMKE,0.000173,28
MT862855,495,MHC-I,HLA-B*44:02,1,42,50,9,DIELLKTEV,DIELLKTEV,DIELLKTEV,0.000172,18
MT862855,495,MHC-I,HLA-B*44:02,1,403,411,9,EATARGARR,EATARGARR,EATARGARR,0.000171,18
MT862855,495,MHC-I,HLA-B*44:02,1,141,149,9,VTVHTGDQH,VTVHTGDQH,VTVHTGDQH,0.00017,18
MT862855,495,MHC-I,HLA-A*02:01,1,371,379,9,PPFGESYIV,PPFGESYIV,PPFGESYIV,0.000169,28
MT862855,495,MHC-I,HLA-A*02:01,1,256,264,9,QEGAMHTAL,QEGAMHTAL,QEGAMHTAL,0.000169,28
MT862855,495,MHC-I,HLA-A*02:01,1,161,169,9,IATITPQAP,IATITPQAP,IATITPQAP,0.000164,29
MT862855,495,MHC-I,HLA-B*44:02,1,230,238,9,TWNRQDLLV,TWNRQDLLV,TWNRQDLLV,0.000163,18
MT862855,495,MHC-I,HLA-A*02:01,1,394,402,9,RGSSIGKMF,RGSSIGKMF,RGSSIGKMF,0.000163,29
MT862855,495,MHC-I,HLA-B*44:02,1,72,80,9,SRCPTQGEA,SRCPTQGEA,SRCPTQGEA,0.000159,19
MT862855,495,MHC-I,HLA-B*44:02,1,188,196,9,RTGLDFNEM,RTGLDFNEM,RTGLDFNEM,0.000158,19
MT862855,495,MHC-I,HLA-A*02:01,1,319,327,9,TVLVQVKYE,TVLVQVKYE,TVLVQVKYE,0.000154,29
MT862855,495,MHC-I,HLA-A*02:01,1,69,77,9,TTDSRCPTQ,TTDSRCPTQ,TTDSRCPTQ,0.000154,29
MT862855,495,MHC-I,HLA-B*44:02,1,363,371,9,KPVNIETEP,KPVNIETEP,KPVNIETEP,0.000151,19
MT862855,495,MHC-I,HLA-A*02:01,1,269,277,9,EIQTSGTTT,EIQTSGTTT,EIQTSGTTT,0.000149,29
MT862855,495,MHC-I,HLA-B*44:02,1,386,394,9,ALKLSWFKR,ALKLSWFKR,ALKLSWFKR,0.000146,19
MT862855,495,MHC-I,HLA-A*02:01,1,274,282,9,GTTTIFAGH,GTTTIFAGH,GTTTIFAGH,0.000146,30
MT862855,495,MHC-I,HLA-A*02:01,1,328,336,9,GTDAPCKIP,GTDAPCKIP,GTDAPCKIP,0.000144,30
MT862855,495,MHC-I,HLA-A*02:01,1,261,269,9,HTALTGATE,HTALTGATE,HTALTGATE,0.000142,30
MT862855,495,MHC-I,HLA-B*44:02,1,399,407,9,GKMFEATAR,GKMFEATAR,GKMFEATAR,0.000141,20
MT862855,495,MHC-I,HLA-B*44:02,1,355,363,9,NPIVTDKEK,NPIVTDKEK,NPIVTDKEK,0.000141,20
MT862855,495,MHC-I,HLA-A*02:01,1,214,222,9,LDLPLPWTS,LDLPLPWTS,LDLPLPWTS,0.00014,30
MT862855,495,MHC-I,HLA-B*44:02,1,385,393,9,KALKLSWFK,KALKLSWFK,KALKLSWFK,0.000138,20
MT862855,495,MHC-I,HLA-B*44:02,1,148,156,9,QHQVGNETT,QHQVGNETT,QHQVGNETT,0.000138,20
MT862855,495,MHC-I,HLA-A*02:01,1,281,289,9,GHLKCRLKM,GHLKCRLKM,GHLKCRLKM,0.000138,30
MT862855,495,MHC-I,HLA-A*02:01,1,159,167,9,GTIATITPQ,GTIATITPQ,GTIATITPQ,0.000138,30
MT862855,495,MHC-I,HLA-B*44:02,1,429,437,9,FTSVGKLVH,FTSVGKLVH,FTSVGKLVH,0.000137,20
MT862855,495,MHC-I,HLA-B*44:02,1,370,378,9,EPPFGESYI,EPPFGESYI,EPPFGESYI,0.000137,20
MT862855,495,MHC-I,HLA-A*02:01,1,323,331,9,QVKYEGTDA,QVKYEGTDA,QVKYEGTDA,0.000137,30
MT862855,495,MHC-I,HLA-A*02:01,1,345,353,9,VTQNGRLIT,VTQNGRLIT,VTQNGRLIT,0.000135,31
MT862855,495,MHC-I,HLA-B*44:02,1,122,130,9,VTKLEGKIV,VTKLEGKIV,VTKLEGKIV,0.000134,20
MT862855,495,MHC-I,HLA-B*44:02,1,357,365,9,IVTDKEKPV,IVTDKEKPV,IVTDKEKPV,0.000133,20
MT862855,495,MHC-I,HLA-B*44:02,1,449,457,9,SGVSWTMKI,SGVSWTMKI,SGVSWTMKI,0.000132,20
MT862855,495,MHC-I,HLA-A*02:01,1,327,335,9,EGTDAPCKI,EGTDAPCKI,EGTDAPCKI,0.000132,31
MT862855,495,MHC-I,HLA-B*44:02,1,472,480,9,STSLSMTCV,STSLSMTCV,STSLSMTCV,0.000131,20
MT862855,495,MHC-I,HLA-B*44:02,1,439,447,9,VFGTAYGVL,VFGTAYGVL,VFGTAYGVL,0.000131,20
MT862855,495,MHC-I,HLA-A*02:01,1,432,440,9,VGKLVHQVF,VGKLVHQVF,VGKLVHQVF,0.00013,31
MT862855,495,MHC-I,HLA-A*02:01,1,147,155,9,DQHQVGNET,DQHQVGNET,DQHQVGNET,0.000129,31
MT862855,495,MHC-I,HLA-A*02:01,1,478,486,9,TCVAVGMVT,TCVAVGMVT,TCVAVGMVT,0.000127,31
MT862855,495,MHC-I,HLA-A*02:01,1,44,52,9,ELLKTEVTN,ELLKTEVTN,ELLKTEVTN,0.000127,31
MT862855,495,MHC-I,HLA-A*02:01,1,27,35,9,HGSCVTTMA,HGSCVTTMA,HGSCVTTMA,0.000127,31
MT862855,495,MHC-I,HLA-A*02:01,1,127,135,9,GKIVQYENL,GKIVQYENL,GKIVQYENL,0.000126,31
MT862855,495,MHC-I,HLA-B*44:02,1,154,162,9,ETTEHGTIA,ETTEHGTIA,ETTEHGTIA,0.000125,21
MT862855,495,MHC-I,HLA-A*02:01,1,343,351,9,KGVTQNGRL,KGVTQNGRL,KGVTQNGRL,0.000125,31
MT862855,495,MHC-I,HLA-A*02:01,1,372,380,9,PFGESYIVV,PFGESYIVV,PFGESYIVV,0.000124,32
MT862855,495,MHC-I,HLA-B*44:02,1,349,357,9,GRLITANPI,GRLITANPI,GRLITANPI,0.000123,21
MT862855,495,MHC-I,HLA-B*44:02,1,246,254,9,KKQEVVVLG,KKQEVVVLG,KKQEVVVLG,0.000123,21
MT862855,495,MHC-I,HLA-B*44:02,1,201,209,9,MKEKSWLVH,MKEKSWLVH,MKEKSWLVH,0.000122,21
MT862855,495,MHC-I,HLA-B*44:02,1,453,461,9,WTMKIGIGI,WTMKIGIGI,WTMKIGIGI,0.000121,21
MT862855,495,MHC-I,HLA-A*02:01,1,461,469,9,ILLTWLGLN,ILLTWLGLN,ILLTWLGLN,0.000121,32
MT862855,495,MHC-I,HLA-A*02:01,1,26,34,9,EHGSCVTTM,EHGSCVTTM,EHGSCVTTM,0.000121,32
MT862855,495,MHC-I,HLA-B*44:02,1,100,108,9,GWGNGCGLF,GWGNGCGLF,GWGNGCGLF,0.000119,21
MT862855,495,MHC-I,HLA-A*02:01,1,393,401,9,KRGSSIGKM,KRGSSIGKM,KRGSSIGKM,0.000119,32
MT862855,495,MHC-I,HLA-B*44:02,1,331,339,9,APCKIPFST,APCKIPFST,APCKIPFST,0.000118,21
MT862855,495,MHC-I,HLA-B*44:02,1,162,170,9,ATITPQAPT,ATITPQAPT,ATITPQAPT,0.000118,21
MT862855,495,MHC-I,HLA-A*02:01,1,368,376,9,ETEPPFGES,ETEPPFGES,ETEPPFGES,0.000117,32
MT862855,495,MHC-I,HLA-A*02:01,1,349,357,9,GRLITANPI,GRLITANPI,GRLITANPI,0.000117,32
MT862855,495,MHC-I,HLA-A*02:01,1,215,223,9,DLPLPWTSG,DLPLPWTSG,DLPLPWTSG,0.000117,32
MT862855,495,MHC-I,HLA-B*44:02,1,47,55,9,KTEVTNPAV,KTEVTNPAV,KTEVTNPAV,0.000116,21
MT862855,495,MHC-I,HLA-B*44:02,1,123,131,9,TKLEGKIVQ,TKLEGKIVQ,TKLEGKIVQ,0.000114,21
MT862855,495,MHC-I,HLA-A*02:01,1,399,407,9,GKMFEATAR,GKMFEATAR,GKMFEATAR,0.000114,32
MT862855,495,MHC-I,HLA-B*44:02,1,193,201,9,FNEMVLLTM,FNEMVLLTM,FNEMVLLTM,0.000111,22
MT862855,495,MHC-I,HLA-A*02:01,1,439,447,9,VFGTAYGVL,VFGTAYGVL,VFGTAYGVL,0.00011,33
MT862855,495,MHC-I,HLA-A*02:01,1,401,409,9,MFEATARGA,MFEATARGA,MFEATARGA,0.000109,33
MT862855,495,MHC-I,HLA-A*02:01,1,64,72,9,KISNTTTDS,KISNTTTDS,KISNTTTDS,0.000109,33
MT862855,495,MHC-I,HLA-A*02:01,1,65,73,9,ISNTTTDSR,ISNTTTDSR,ISNTTTDSR,0.000108,33
MT862855,495,MHC-I,HLA-B*44:02,1,392,400,9,FKRGSSIGK,FKRGSSIGK,FKRGSSIGK,0.000106,22
MT862855,495,MHC-I,HLA-B*44:02,1,138,146,9,SVIVTVHTG,SVIVTVHTG,SVIVTVHTG,0.000106,22
MT862855,495,MHC-I,HLA-A*02:01,1,168,176,9,APTSEIQLT,APTSEIQLT,APTSEIQLT,0.000106,33
MT862855,495,MHC-I,HLA-A*02:01,1,107,115,9,LFGKGSLLT,LFGKGSLLT,LFGKGSLLT,0.000106,33
MT862855,495,MHC-I,HLA-B*44:02,1,476,484,9,SMTCVAVGM,SMTCVAVGM,SMTCVAVGM,0.000105,22
MT862855,495,MHC-I,HLA-B*44:02,1,174,182,9,QLTDYGALT,QLTDYGALT,QLTDYGALT,0.000105,22
MT862855,495,MHC-I,HLA-A*02:01,1,35,43,9,AKNKPTLDI,AKNKPTLDI,AKNKPTLDI,0.000105,33
MT862855,495,MHC-I,HLA-B*44:02,1,62,70,9,EAKISNTTT,EAKISNTTT,EAKISNTTT,0.000102,23
MT862855,495,MHC-I,HLA-A*02:01,1,89,97,9,NFVCRRTFV,NFVCRRTFV,NFVCRRTFV,0.000101,34
MT862855,495,MHC-I,HLA-B*44:02,1,284,292,9,KCRLKMDKL,KCRLKMDKL,KCRLKMDKL,9.90E-05,23
MT862855,495,MHC-I,HLA-B*44:02,1,342,350,9,EKGVTQNGR,EKGVTQNGR,EKGVTQNGR,9.70E-05,23
MT862855,495,MHC-I,HLA-B*44:02,1,3,11,9,CVGIGNRDF,CVGIGNRDF,CVGIGNRDF,9.70E-05,23
MT862855,495,MHC-I,HLA-A*02:01,1,218,226,9,LPWTSGAST,LPWTSGAST,LPWTSGAST,9.70E-05,34
MT862855,495,MHC-I,HLA-B*44:02,1,57,65,9,RKLCIEAKI,RKLCIEAKI,RKLCIEAKI,9.60E-05,23
MT862855,495,MHC-I,HLA-A*02:01,1,120,128,9,KCVTKLEGK,KCVTKLEGK,KCVTKLEGK,9.50E-05,34
MT862855,495,MHC-I,HLA-A*02:01,1,54,62,9,AVLRKLCIE,AVLRKLCIE,AVLRKLCIE,9.50E-05,34
MT862855,495,MHC-I,HLA-A*02:01,1,306,314,9,FKLEKEVAE,FKLEKEVAE,FKLEKEVAE,9.40E-05,35
MT862855,495,MHC-I,HLA-B*44:02,1,206,214,9,WLVHKQWFL,WLVHKQWFL,WLVHKQWFL,9.30E-05,24
MT862855,495,MHC-I,HLA-A*02:01,1,61,69,9,IEAKISNTT,IEAKISNTT,IEAKISNTT,9.30E-05,35
MT862855,495,MHC-I,HLA-B*44:02,1,259,267,9,AMHTALTGA,AMHTALTGA,AMHTALTGA,9.20E-05,24
MT862855,495,MHC-I,HLA-B*44:02,1,199,207,9,LTMKEKSWL,LTMKEKSWL,LTMKEKSWL,9.10E-05,24
MT862855,495,MHC-I,HLA-B*44:02,1,142,150,9,TVHTGDQHQ,TVHTGDQHQ,TVHTGDQHQ,9.10E-05,24
MT862855,495,MHC-I,HLA-B*44:02,1,338,346,9,STQDEKGVT,STQDEKGVT,STQDEKGVT,9.00E-05,24
MT862855,495,MHC-I,HLA-B*44:02,1,189,197,9,TGLDFNEMV,TGLDFNEMV,TGLDFNEMV,9.00E-05,24
MT862855,495,MHC-I,HLA-B*44:02,1,483,491,9,GMVTLYLGV,GMVTLYLGV,GMVTLYLGV,8.90E-05,24
MT862855,495,MHC-I,HLA-B*44:02,1,227,235,9,SQETWNRQD,SQETWNRQD,SQETWNRQD,8.90E-05,24
MT862855,495,MHC-I,HLA-B*44:02,1,190,198,9,GLDFNEMVL,GLDFNEMVL,GLDFNEMVL,8.80E-05,24
MT862855,495,MHC-I,HLA-A*02:01,1,437,445,9,HQVFGTAYG,HQVFGTAYG,HQVFGTAYG,8.70E-05,35
MT862855,495,MHC-I,HLA-A*02:01,1,150,158,9,QVGNETTEH,QVGNETTEH,QVGNETTEH,8.70E-05,35
MT862855,495,MHC-I,HLA-B*44:02,1,340,348,9,QDEKGVTQN,QDEKGVTQN,QDEKGVTQN,8.40E-05,25
MT862855,495,MHC-I,HLA-A*02:01,1,436,444,9,VHQVFGTAY,VHQVFGTAY,VHQVFGTAY,8.40E-05,36
MT862855,495,MHC-I,HLA-B*44:02,1,463,471,9,LTWLGLNSR,LTWLGLNSR,LTWLGLNSR,8.30E-05,25
MT862855,495,MHC-I,HLA-B*44:02,1,454,462,9,TMKIGIGIL,TMKIGIGIL,TMKIGIGIL,8.20E-05,25
MT862855,495,MHC-I,HLA-B*44:02,1,405,413,9,TARGARRMA,TARGARRMA,TARGARRMA,8.20E-05,25
MT862855,495,MHC-I,HLA-B*44:02,1,157,165,9,EHGTIATIT,EHGTIATIT,EHGTIATIT,8.20E-05,25
MT862855,495,MHC-I,HLA-B*44:02,1,470,478,9,SRSTSLSMT,SRSTSLSMT,SRSTSLSMT,8.10E-05,25
MT862855,495,MHC-I,HLA-A*02:01,1,289,297,9,MDKLTLKGM,MDKLTLKGM,MDKLTLKGM,8.10E-05,36
MT862855,495,MHC-I,HLA-B*44:02,1,149,157,9,HQVGNETTE,HQVGNETTE,HQVGNETTE,8.00E-05,25
MT862855,495,MHC-I,HLA-A*02:01,1,330,338,9,DAPCKIPFS,DAPCKIPFS,DAPCKIPFS,8.00E-05,36
MT862855,495,MHC-I,HLA-A*02:01,1,392,400,9,FKRGSSIGK,FKRGSSIGK,FKRGSSIGK,7.90E-05,37
MT862855,495,MHC-I,HLA-B*44:02,1,216,224,9,LPLPWTSGA,LPLPWTSGA,LPLPWTSGA,7.80E-05,25
MT862855,495,MHC-I,HLA-B*44:02,1,324,332,9,VKYEGTDAP,VKYEGTDAP,VKYEGTDAP,7.70E-05,25
MT862855,495,MHC-I,HLA-A*02:01,1,380,388,9,VGAGEKALK,VGAGEKALK,VGAGEKALK,7.70E-05,37
MT862855,495,MHC-I,HLA-A*02:01,1,267,275,9,ATEIQTSGT,ATEIQTSGT,ATEIQTSGT,7.60E-05,37
MT862855,495,MHC-I,HLA-A*02:01,1,105,113,9,CGLFGKGSL,CGLFGKGSL,CGLFGKGSL,7.60E-05,37
MT862855,495,MHC-I,HLA-B*44:02,1,443,451,9,AYGVLFSGV,AYGVLFSGV,AYGVLFSGV,7.50E-05,26
MT862855,495,MHC-I,HLA-B*44:02,1,350,358,9,RLITANPIV,RLITANPIV,RLITANPIV,7.50E-05,26
MT862855,495,MHC-I,HLA-B*44:02,1,312,320,9,VAETQHGTV,VAETQHGTV,VAETQHGTV,7.50E-05,26
MT862855,495,MHC-I,HLA-A*02:01,1,302,310,9,CTGSFKLEK,CTGSFKLEK,CTGSFKLEK,7.50E-05,37
MT862855,495,MHC-I,HLA-B*44:02,1,275,283,9,TTTIFAGHL,TTTIFAGHL,TTTIFAGHL,7.40E-05,26
MT862855,495,MHC-I,HLA-B*44:02,1,247,255,9,KQEVVVLGS,KQEVVVLGS,KQEVVVLGS,7.40E-05,26
MT862855,495,MHC-I,HLA-B*44:02,1,185,193,9,CSPRTGLDF,CSPRTGLDF,CSPRTGLDF,7.30E-05,26
MT862855,495,MHC-I,HLA-A*02:01,1,297,305,9,MSYVMCTGS,MSYVMCTGS,MSYVMCTGS,7.30E-05,38
MT862855,495,MHC-I,HLA-B*44:02,1,451,459,9,VSWTMKIGI,VSWTMKIGI,VSWTMKIGI,7.20E-05,26
MT862855,495,MHC-I,HLA-B*44:02,1,99,107,9,RGWGNGCGL,RGWGNGCGL,RGWGNGCGL,7.20E-05,26
MT862855,495,MHC-I,HLA-A*02:01,1,265,273,9,TGATEIQTS,TGATEIQTS,TGATEIQTS,7.20E-05,38
MT862855,495,MHC-I,HLA-B*44:02,1,288,296,9,KMDKLTLKG,KMDKLTLKG,KMDKLTLKG,7.10E-05,26
MT862855,495,MHC-I,HLA-B*44:02,1,254,262,9,GSQEGAMHT,GSQEGAMHT,GSQEGAMHT,7.10E-05,26
MT862855,495,MHC-I,HLA-B*44:02,1,192,200,9,DFNEMVLLT,DFNEMVLLT,DFNEMVLLT,7.10E-05,26
MT862855,495,MHC-I,HLA-B*44:02,1,17,25,9,GATWVDVVL,GATWVDVVL,GATWVDVVL,7.10E-05,26
MT862855,495,MHC-I,HLA-A*02:01,1,68,76,9,TTTDSRCPT,TTTDSRCPT,TTTDSRCPT,7.10E-05,38
MT862855,495,MHC-I,HLA-A*02:01,1,158,166,9,HGTIATITP,HGTIATITP,HGTIATITP,7.00E-05,38
MT862855,495,MHC-I,HLA-B*44:02,1,163,171,9,TITPQAPTS,TITPQAPTS,TITPQAPTS,6.90E-05,27
MT862855,495,MHC-I,HLA-B*44:02,1,52,60,9,NPAVLRKLC,NPAVLRKLC,NPAVLRKLC,6.90E-05,27
MT862855,495,MHC-I,HLA-B*44:02,1,269,277,9,EIQTSGTTT,EIQTSGTTT,EIQTSGTTT,6.80E-05,27
MT862855,495,MHC-I,HLA-B*44:02,1,236,244,9,LLVTFKTAH,LLVTFKTAH,LLVTFKTAH,6.80E-05,27
MT862855,495,MHC-I,HLA-A*02:01,1,250,258,9,VVVLGSQEG,VVVLGSQEG,VVVLGSQEG,6.80E-05,38
MT862855,495,MHC-I,HLA-A*02:01,1,20,28,9,WVDVVLEHG,WVDVVLEHG,WVDVVLEHG,6.80E-05,38
MT862855,495,MHC-I,HLA-A*02:01,1,141,149,9,VTVHTGDQH,VTVHTGDQH,VTVHTGDQH,6.70E-05,39
MT862855,495,MHC-I,HLA-A*02:01,1,335,343,9,IPFSTQDEK,IPFSTQDEK,IPFSTQDEK,6.60E-05,39
MT862855,495,MHC-I,HLA-A*02:01,1,194,202,9,NEMVLLTMK,NEMVLLTMK,NEMVLLTMK,6.60E-05,39
MT862855,495,MHC-I,HLA-A*02:01,1,324,332,9,VKYEGTDAP,VKYEGTDAP,VKYEGTDAP,6.50E-05,39
MT862855,495,MHC-I,HLA-B*44:02,1,417,425,9,DTAWDFGSI,DTAWDFGSI,DTAWDFGSI,6.40E-05,28
MT862855,495,MHC-I,HLA-B*44:02,1,97,105,9,VDRGWGNGC,VDRGWGNGC,VDRGWGNGC,6.40E-05,28
MT862855,495,MHC-I,HLA-A*02:01,1,338,346,9,STQDEKGVT,STQDEKGVT,STQDEKGVT,6.40E-05,39
MT862855,495,MHC-I,HLA-B*44:02,1,251,259,9,VVLGSQEGA,VVLGSQEGA,VVLGSQEGA,6.30E-05,28
MT862855,495,MHC-I,HLA-A*02:01,1,12,20,9,VEGLSGATW,VEGLSGATW,VEGLSGATW,6.30E-05,39
MT862855,495,MHC-I,HLA-A*02:01,1,363,371,9,KPVNIETEP,KPVNIETEP,KPVNIETEP,6.20E-05,40
MT862855,495,MHC-I,HLA-A*02:01,1,116,124,9,CAKFKCVTK,CAKFKCVTK,CAKFKCVTK,6.20E-05,40
MT862855,495,MHC-I,HLA-A*02:01,1,258,266,9,GAMHTALTG,GAMHTALTG,GAMHTALTG,6.10E-05,40
MT862855,495,MHC-I,HLA-A*02:01,1,81,89,9,TLVEEQDAN,TLVEEQDAN,TLVEEQDAN,6.10E-05,40
MT862855,495,MHC-I,HLA-A*02:01,1,57,65,9,RKLCIEAKI,RKLCIEAKI,RKLCIEAKI,6.00E-05,40
MT862855,495,MHC-I,HLA-A*02:01,1,136,144,9,KYSVIVTVH,KYSVIVTVH,KYSVIVTVH,5.90E-05,40
MT862855,495,MHC-I,HLA-B*44:02,1,196,204,9,MVLLTMKEK,MVLLTMKEK,MVLLTMKEK,5.80E-05,29
MT862855,495,MHC-I,HLA-B*44:02,1,40,48,9,TLDIELLKT,TLDIELLKT,TLDIELLKT,5.80E-05,29
MT862855,495,MHC-I,HLA-A*02:01,1,185,193,9,CSPRTGLDF,CSPRTGLDF,CSPRTGLDF,5.80E-05,41
MT862855,495,MHC-I,HLA-B*44:02,1,328,336,9,GTDAPCKIP,GTDAPCKIP,GTDAPCKIP,5.70E-05,29
MT862855,495,MHC-I,HLA-B*44:02,1,252,260,9,VLGSQEGAM,VLGSQEGAM,VLGSQEGAM,5.70E-05,29
MT862855,495,MHC-I,HLA-B*44:02,1,69,77,9,TTDSRCPTQ,TTDSRCPTQ,TTDSRCPTQ,5.70E-05,29
MT862855,495,MHC-I,HLA-B*44:02,1,39,47,9,PTLDIELLK,PTLDIELLK,PTLDIELLK,5.60E-05,29
MT862855,495,MHC-I,HLA-B*44:02,1,10,18,9,DFVEGLSGA,DFVEGLSGA,DFVEGLSGA,5.60E-05,29
MT862855,495,MHC-I,HLA-A*02:01,1,389,397,9,LSWFKRGSS,LSWFKRGSS,LSWFKRGSS,5.60E-05,41
MT862855,495,MHC-I,HLA-B*44:02,1,479,487,9,CVAVGMVTL,CVAVGMVTL,CVAVGMVTL,5.50E-05,29
MT862855,495,MHC-I,HLA-B*44:02,1,305,313,9,SFKLEKEVA,SFKLEKEVA,SFKLEKEVA,5.50E-05,29
MT862855,495,MHC-I,HLA-B*44:02,1,13,21,9,EGLSGATWV,EGLSGATWV,EGLSGATWV,5.50E-05,29
MT862855,495,MHC-I,HLA-A*02:01,1,325,333,9,KYEGTDAPC,KYEGTDAPC,KYEGTDAPC,5.50E-05,41
MT862855,495,MHC-I,HLA-A*02:01,1,142,150,9,TVHTGDQHQ,TVHTGDQHQ,TVHTGDQHQ,5.40E-05,41
MT862855,495,MHC-I,HLA-A*02:01,1,93,101,9,RRTFVDRGW,RRTFVDRGW,RRTFVDRGW,5.40E-05,41
MT862855,495,MHC-I,HLA-B*44:02,1,265,273,9,TGATEIQTS,TGATEIQTS,TGATEIQTS,5.30E-05,30
MT862855,495,MHC-I,HLA-B*44:02,1,112,120,9,SLLTCAKFK,SLLTCAKFK,SLLTCAKFK,5.30E-05,30
MT862855,495,MHC-I,HLA-A*02:01,1,46,54,9,LKTEVTNPA,LKTEVTNPA,LKTEVTNPA,5.30E-05,42
MT862855,495,MHC-I,HLA-B*44:02,1,487,495,9,LYLGVMVQA,LYLGVMVQA,LYLGVMVQA,5.20E-05,30
MT862855,495,MHC-I,HLA-B*44:02,1,376,384,9,SYIVVGAGE,SYIVVGAGE,SYIVVGAGE,5.20E-05,30
MT862855,495,MHC-I,HLA-B*44:02,1,317,325,9,HGTVLVQVK,HGTVLVQVK,HGTVLVQVK,5.20E-05,30
MT862855,495,MHC-I,HLA-B*44:02,1,65,73,9,ISNTTTDSR,ISNTTTDSR,ISNTTTDSR,5.20E-05,30
MT862855,495,MHC-I,HLA-A*02:01,1,334,342,9,KIPFSTQDE,KIPFSTQDE,KIPFSTQDE,5.20E-05,42
MT862855,495,MHC-I,HLA-A*02:01,1,418,426,9,TAWDFGSIG,TAWDFGSIG,TAWDFGSIG,5.10E-05,42
MT862855,495,MHC-I,HLA-B*44:02,1,337,345,9,FSTQDEKGV,FSTQDEKGV,FSTQDEKGV,4.90E-05,31
MT862855,495,MHC-I,HLA-B*44:02,1,279,287,9,FAGHLKCRL,FAGHLKCRL,FAGHLKCRL,4.90E-05,31
MT862855,495,MHC-I,HLA-B*44:02,1,277,285,9,TIFAGHLKC,TIFAGHLKC,TIFAGHLKC,4.90E-05,31
MT862855,495,MHC-I,HLA-B*44:02,1,16,24,9,SGATWVDVV,SGATWVDVV,SGATWVDVV,4.90E-05,31
MT862855,495,MHC-I,HLA-A*02:01,1,317,325,9,HGTVLVQVK,HGTVLVQVK,HGTVLVQVK,4.90E-05,43
MT862855,495,MHC-I,HLA-B*44:02,1,348,356,9,NGRLITANP,NGRLITANP,NGRLITANP,4.80E-05,31
MT862855,495,MHC-I,HLA-B*44:02,1,220,228,9,WTSGASTSQ,WTSGASTSQ,WTSGASTSQ,4.80E-05,31
MT862855,495,MHC-I,HLA-B*44:02,1,76,84,9,TQGEATLVE,TQGEATLVE,TQGEATLVE,4.80E-05,31
MT862855,495,MHC-I,HLA-A*02:01,1,406,414,9,ARGARRMAI,ARGARRMAI,ARGARRMAI,4.80E-05,43
MT862855,495,MHC-I,HLA-A*02:01,1,41,49,9,LDIELLKTE,LDIELLKTE,LDIELLKTE,4.80E-05,43
MT862855,495,MHC-I,HLA-A*02:01,1,31,39,9,VTTMAKNKP,VTTMAKNKP,VTTMAKNKP,4.80E-05,43
MT862855,495,MHC-I,HLA-B*44:02,1,378,386,9,IVVGAGEKA,IVVGAGEKA,IVVGAGEKA,4.70E-05,31
MT862855,495,MHC-I,HLA-B*44:02,1,280,288,9,AGHLKCRLK,AGHLKCRLK,AGHLKCRLK,4.70E-05,31
MT862855,495,MHC-I,HLA-B*44:02,1,266,274,9,GATEIQTSG,GATEIQTSG,GATEIQTSG,4.70E-05,31
MT862855,495,MHC-I,HLA-B*44:02,1,161,169,9,IATITPQAP,IATITPQAP,IATITPQAP,4.70E-05,31
MT862855,495,MHC-I,HLA-A*02:01,1,205,213,9,SWLVHKQWF,SWLVHKQWF,SWLVHKQWF,4.70E-05,43
MT862855,495,MHC-I,HLA-B*44:02,1,430,438,9,TSVGKLVHQ,TSVGKLVHQ,TSVGKLVHQ,4.60E-05,31
MT862855,495,MHC-I,HLA-A*02:01,1,96,104,9,FVDRGWGNG,FVDRGWGNG,FVDRGWGNG,4.60E-05,44
MT862855,495,MHC-I,HLA-B*44:02,1,292,300,9,LTLKGMSYV,LTLKGMSYV,LTLKGMSYV,4.50E-05,32
MT862855,495,MHC-I,HLA-B*44:02,1,151,159,9,VGNETTEHG,VGNETTEHG,VGNETTEHG,4.50E-05,32
MT862855,495,MHC-I,HLA-A*02:01,1,28,36,9,GSCVTTMAK,GSCVTTMAK,GSCVTTMAK,4.50E-05,44
MT862855,495,MHC-I,HLA-A*02:01,1,22,30,9,DVVLEHGSC,DVVLEHGSC,DVVLEHGSC,4.50E-05,44
MT862855,495,MHC-I,HLA-A*02:01,1,84,92,9,EEQDANFVC,EEQDANFVC,EEQDANFVC,4.40E-05,44
MT862855,495,MHC-I,HLA-B*44:02,1,343,351,9,KGVTQNGRL,KGVTQNGRL,KGVTQNGRL,4.30E-05,32
MT862855,495,MHC-I,HLA-B*44:02,1,120,128,9,KCVTKLEGK,KCVTKLEGK,KCVTKLEGK,4.30E-05,32
MT862855,495,MHC-I,HLA-B*44:02,1,109,117,9,GKGSLLTCA,GKGSLLTCA,GKGSLLTCA,4.30E-05,32
MT862855,495,MHC-I,HLA-B*44:02,1,411,419,9,RMAILGDTA,RMAILGDTA,RMAILGDTA,4.20E-05,33
MT862855,495,MHC-I,HLA-A*02:01,1,220,228,9,WTSGASTSQ,WTSGASTSQ,WTSGASTSQ,4.20E-05,45
MT862855,495,MHC-I,HLA-B*44:02,1,401,409,9,MFEATARGA,MFEATARGA,MFEATARGA,4.10E-05,33
MT862855,495,MHC-I,HLA-B*44:02,1,400,408,9,KMFEATARG,KMFEATARG,KMFEATARG,4.10E-05,33
MT862855,495,MHC-I,HLA-B*44:02,1,267,275,9,ATEIQTSGT,ATEIQTSGT,ATEIQTSGT,4.10E-05,33
MT862855,495,MHC-I,HLA-B*44:02,1,27,35,9,HGSCVTTMA,HGSCVTTMA,HGSCVTTMA,4.10E-05,33
MT862855,495,MHC-I,HLA-A*02:01,1,239,247,9,TFKTAHAKK,TFKTAHAKK,TFKTAHAKK,4.10E-05,45
MT862855,495,MHC-I,HLA-A*02:01,1,234,242,9,QDLLVTFKT,QDLLVTFKT,QDLLVTFKT,4.10E-05,45
MT862855,495,MHC-I,HLA-B*44:02,1,352,360,9,ITANPIVTD,ITANPIVTD,ITANPIVTD,4.00E-05,33
MT862855,495,MHC-I,HLA-B*44:02,1,278,286,9,IFAGHLKCR,IFAGHLKCR,IFAGHLKCR,4.00E-05,33
MT862855,495,MHC-I,HLA-B*44:02,1,32,40,9,TTMAKNKPT,TTMAKNKPT,TTMAKNKPT,4.00E-05,33
MT862855,495,MHC-I,HLA-A*02:01,1,153,161,9,NETTEHGTI,NETTEHGTI,NETTEHGTI,4.00E-05,45
MT862855,495,MHC-I,HLA-B*44:02,1,226,234,9,TSQETWNRQ,TSQETWNRQ,TSQETWNRQ,3.90E-05,34
MT862855,495,MHC-I,HLA-B*44:02,1,176,184,9,TDYGALTLD,TDYGALTLD,TDYGALTLD,3.90E-05,34
MT862855,495,MHC-I,HLA-A*02:01,1,419,427,9,AWDFGSIGG,AWDFGSIGG,AWDFGSIGG,3.90E-05,46
MT862855,495,MHC-I,HLA-A*02:01,1,413,421,9,AILGDTAWD,AILGDTAWD,AILGDTAWD,3.90E-05,46
MT862855,495,MHC-I,HLA-A*02:01,1,110,118,9,KGSLLTCAK,KGSLLTCAK,KGSLLTCAK,3.90E-05,46
MT862855,495,MHC-I,HLA-B*44:02,1,460,468,9,GILLTWLGL,GILLTWLGL,GILLTWLGL,3.80E-05,34
MT862855,495,MHC-I,HLA-B*44:02,1,299,307,9,YVMCTGSFK,YVMCTGSFK,YVMCTGSFK,3.80E-05,34
MT862855,495,MHC-I,HLA-B*44:02,1,172,180,9,EIQLTDYGA,EIQLTDYGA,EIQLTDYGA,3.80E-05,34
MT862855,495,MHC-I,HLA-B*44:02,1,4,12,9,VGIGNRDFV,VGIGNRDFV,VGIGNRDFV,3.80E-05,34
MT862855,495,MHC-I,HLA-A*02:01,1,326,334,9,YEGTDAPCK,YEGTDAPCK,YEGTDAPCK,3.80E-05,46
MT862855,495,MHC-I,HLA-A*02:01,1,266,274,9,GATEIQTSG,GATEIQTSG,GATEIQTSG,3.80E-05,46
MT862855,495,MHC-I,HLA-A*02:01,1,5,13,9,GIGNRDFVE,GIGNRDFVE,GIGNRDFVE,3.80E-05,46
MT862855,495,MHC-I,HLA-B*44:02,1,380,388,9,VGAGEKALK,VGAGEKALK,VGAGEKALK,3.70E-05,34
MT862855,495,MHC-I,HLA-B*44:02,1,240,248,9,FKTAHAKKQ,FKTAHAKKQ,FKTAHAKKQ,3.70E-05,34
MT862855,495,MHC-I,HLA-B*44:02,1,28,36,9,GSCVTTMAK,GSCVTTMAK,GSCVTTMAK,3.70E-05,34
MT862855,495,MHC-I,HLA-A*02:01,1,426,434,9,GGVFTSVGK,GGVFTSVGK,GGVFTSVGK,3.70E-05,47
MT862855,495,MHC-I,HLA-B*44:02,1,471,479,9,RSTSLSMTC,RSTSLSMTC,RSTSLSMTC,3.60E-05,35
MT862855,495,MHC-I,HLA-B*44:02,1,437,445,9,HQVFGTAYG,HQVFGTAYG,HQVFGTAYG,3.60E-05,35
MT862855,495,MHC-I,HLA-B*44:02,1,302,310,9,CTGSFKLEK,CTGSFKLEK,CTGSFKLEK,3.60E-05,35
MT862855,495,MHC-I,HLA-B*44:02,1,258,266,9,GAMHTALTG,GAMHTALTG,GAMHTALTG,3.60E-05,35
MT862855,495,MHC-I,HLA-B*44:02,1,128,136,9,KIVQYENLK,KIVQYENLK,KIVQYENLK,3.60E-05,35
MT862855,495,MHC-I,HLA-B*44:02,1,80,88,9,ATLVEEQDA,ATLVEEQDA,ATLVEEQDA,3.60E-05,35
MT862855,495,MHC-I,HLA-A*02:01,1,402,410,9,FEATARGAR,FEATARGAR,FEATARGAR,3.60E-05,47
MT862855,495,MHC-I,HLA-A*02:01,1,73,81,9,RCPTQGEAT,RCPTQGEAT,RCPTQGEAT,3.60E-05,47
MT862855,495,MHC-I,HLA-B*44:02,1,155,163,9,TTEHGTIAT,TTEHGTIAT,TTEHGTIAT,3.50E-05,35
MT862855,495,MHC-I,HLA-B*44:02,1,307,315,9,KLEKEVAET,KLEKEVAET,KLEKEVAET,3.40E-05,35
MT862855,495,MHC-I,HLA-B*44:02,1,218,226,9,LPWTSGAST,LPWTSGAST,LPWTSGAST,3.40E-05,35
MT862855,495,MHC-I,HLA-B*44:02,1,211,219,9,QWFLDLPLP,QWFLDLPLP,QWFLDLPLP,3.40E-05,35
MT862855,495,MHC-I,HLA-B*44:02,1,144,152,9,HTGDQHQVG,HTGDQHQVG,HTGDQHQVG,3.40E-05,35
MT862855,495,MHC-I,HLA-B*44:02,1,36,44,9,KNKPTLDIE,KNKPTLDIE,KNKPTLDIE,3.40E-05,35
MT862855,495,MHC-I,HLA-A*02:01,1,217,225,9,PLPWTSGAS,PLPWTSGAS,PLPWTSGAS,3.40E-05,48
MT862855,495,MHC-I,HLA-A*02:01,1,72,80,9,SRCPTQGEA,SRCPTQGEA,SRCPTQGEA,3.40E-05,48
MT862855,495,MHC-I,HLA-B*44:02,1,360,368,9,DKEKPVNIE,DKEKPVNIE,DKEKPVNIE,3.30E-05,36
MT862855,495,MHC-I,HLA-B*44:02,1,253,261,9,LGSQEGAMH,LGSQEGAMH,LGSQEGAMH,3.30E-05,36
MT862855,495,MHC-I,HLA-B*44:02,1,21,29,9,VDVVLEHGS,VDVVLEHGS,VDVVLEHGS,3.30E-05,36
MT862855,495,MHC-I,HLA-A*02:01,1,448,456,9,FSGVSWTMK,FSGVSWTMK,FSGVSWTMK,3.30E-05,48
MT862855,495,MHC-I,HLA-A*02:01,1,358,366,9,VTDKEKPVN,VTDKEKPVN,VTDKEKPVN,3.30E-05,48
MT862855,495,MHC-I,HLA-A*02:01,1,308,316,9,LEKEVAETQ,LEKEVAETQ,LEKEVAETQ,3.30E-05,48
MT862855,495,MHC-I,HLA-A*02:01,1,257,265,9,EGAMHTALT,EGAMHTALT,EGAMHTALT,3.30E-05,48
MT862855,495,MHC-I,HLA-A*02:01,1,228,236,9,QETWNRQDL,QETWNRQDL,QETWNRQDL,3.30E-05,48
MT862855,495,MHC-I,HLA-B*44:02,1,323,331,9,QVKYEGTDA,QVKYEGTDA,QVKYEGTDA,3.20E-05,36
MT862855,495,MHC-I,HLA-B*44:02,1,70,78,9,TDSRCPTQG,TDSRCPTQG,TDSRCPTQG,3.20E-05,36
MT862855,495,MHC-I,HLA-A*02:01,1,367,375,9,IETEPPFGE,IETEPPFGE,IETEPPFGE,3.20E-05,49
MT862855,495,MHC-I,HLA-B*44:02,1,485,493,9,VTLYLGVMV,VTLYLGVMV,VTLYLGVMV,3.10E-05,37
MT862855,495,MHC-I,HLA-B*44:02,1,371,379,9,PPFGESYIV,PPFGESYIV,PPFGESYIV,3.10E-05,37
MT862855,495,MHC-I,HLA-B*44:02,1,241,249,9,KTAHAKKQE,KTAHAKKQE,KTAHAKKQE,3.10E-05,37
MT862855,495,MHC-I,HLA-B*44:02,1,146,154,9,GDQHQVGNE,GDQHQVGNE,GDQHQVGNE,3.10E-05,37
MT862855,495,MHC-I,HLA-B*44:02,1,87,95,9,DANFVCRRT,DANFVCRRT,DANFVCRRT,3.10E-05,37
MT862855,495,MHC-I,HLA-B*44:02,1,18,26,9,ATWVDVVLE,ATWVDVVLE,ATWVDVVLE,3.10E-05,37
MT862855,495,MHC-I,HLA-A*02:01,1,88,96,9,ANFVCRRTF,ANFVCRRTF,ANFVCRRTF,3.10E-05,49
MT862855,495,MHC-I,HLA-A*02:01,1,62,70,9,EAKISNTTT,EAKISNTTT,EAKISNTTT,3.10E-05,49
MT862855,495,MHC-I,HLA-A*02:01,1,25,33,9,LEHGSCVTT,LEHGSCVTT,LEHGSCVTT,3.10E-05,49
MT862855,495,MHC-I,HLA-B*44:02,1,159,167,9,GTIATITPQ,GTIATITPQ,GTIATITPQ,3.00E-05,37
MT862855,495,MHC-I,HLA-B*44:02,1,66,74,9,SNTTTDSRC,SNTTTDSRC,SNTTTDSRC,3.00E-05,37
MT862855,495,MHC-I,HLA-A*02:01,1,329,337,9,TDAPCKIPF,TDAPCKIPF,TDAPCKIPF,3.00E-05,49
MT862855,495,MHC-I,HLA-A*02:01,1,170,178,9,TSEIQLTDY,TSEIQLTDY,TSEIQLTDY,3.00E-05,49
MT862855,495,MHC-I,HLA-B*44:02,1,423,431,9,GSIGGVFTS,GSIGGVFTS,GSIGGVFTS,2.90E-05,38
MT862855,495,MHC-I,HLA-B*44:02,1,418,426,9,TAWDFGSIG,TAWDFGSIG,TAWDFGSIG,2.90E-05,38
MT862855,495,MHC-I,HLA-B*44:02,1,261,269,9,HTALTGATE,HTALTGATE,HTALTGATE,2.90E-05,38
MT862855,495,MHC-I,HLA-B*44:02,1,137,145,9,YSVIVTVHT,YSVIVTVHT,YSVIVTVHT,2.90E-05,38
MT862855,495,MHC-I,HLA-B*44:02,1,158,166,9,HGTIATITP,HGTIATITP,HGTIATITP,2.80E-05,38
MT862855,495,MHC-I,HLA-B*44:02,1,121,129,9,CVTKLEGKI,CVTKLEGKI,CVTKLEGKI,2.80E-05,38
MT862855,495,MHC-I,HLA-A*02:01,1,405,413,9,TARGARRMA,TARGARRMA,TARGARRMA,2.80E-05,50
MT862855,495,MHC-I,HLA-A*02:01,1,403,411,9,EATARGARR,EATARGARR,EATARGARR,2.80E-05,50
MT862855,495,MHC-I,HLA-A*02:01,1,253,261,9,LGSQEGAMH,LGSQEGAMH,LGSQEGAMH,2.80E-05,50
MT862855,495,MHC-I,HLA-A*02:01,1,241,249,9,KTAHAKKQE,KTAHAKKQE,KTAHAKKQE,2.80E-05,50
MT862855,495,MHC-I,HLA-A*02:01,1,227,235,9,SQETWNRQD,SQETWNRQD,SQETWNRQD,2.80E-05,50
MT862855,495,MHC-I,HLA-B*44:02,1,442,450,9,TAYGVLFSG,TAYGVLFSG,TAYGVLFSG,2.70E-05,39
MT862855,495,MHC-I,HLA-B*44:02,1,89,97,9,NFVCRRTFV,NFVCRRTFV,NFVCRRTFV,2.70E-05,39
MT862855,495,MHC-I,HLA-B*44:02,1,75,83,9,PTQGEATLV,PTQGEATLV,PTQGEATLV,2.70E-05,39
MT862855,495,MHC-I,HLA-A*02:01,1,301,309,9,MCTGSFKLE,MCTGSFKLE,MCTGSFKLE,2.70E-05,51
MT862855,495,MHC-I,HLA-B*44:02,1,272,280,9,TSGTTTIFA,TSGTTTIFA,TSGTTTIFA,2.60E-05,39
MT862855,495,MHC-I,HLA-B*44:02,1,182,190,9,TLDCSPRTG,TLDCSPRTG,TLDCSPRTG,2.60E-05,39
MT862855,495,MHC-I,HLA-B*44:02,1,166,174,9,PQAPTSEIQ,PQAPTSEIQ,PQAPTSEIQ,2.60E-05,39
MT862855,495,MHC-I,HLA-B*44:02,1,145,153,9,TGDQHQVGN,TGDQHQVGN,TGDQHQVGN,2.60E-05,39
MT862855,495,MHC-I,HLA-A*02:01,1,421,429,9,DFGSIGGVF,DFGSIGGVF,DFGSIGGVF,2.60E-05,51
MT862855,495,MHC-I,HLA-A*02:01,1,139,147,9,VIVTVHTGD,VIVTVHTGD,VIVTVHTGD,2.60E-05,51
MT862855,495,MHC-I,HLA-A*02:01,1,125,133,9,LEGKIVQYE,LEGKIVQYE,LEGKIVQYE,2.60E-05,51
MT862855,495,MHC-I,HLA-B*44:02,1,464,472,9,TWLGLNSRS,TWLGLNSRS,TWLGLNSRS,2.50E-05,40
MT862855,495,MHC-I,HLA-B*44:02,1,257,265,9,EGAMHTALT,EGAMHTALT,EGAMHTALT,2.50E-05,40
MT862855,495,MHC-I,HLA-B*44:02,1,249,257,9,EVVVLGSQE,EVVVLGSQE,EVVVLGSQE,2.50E-05,40
MT862855,495,MHC-I,HLA-B*44:02,1,1,9,9,MRCVGIGNR,MRCVGIGNR,MRCVGIGNR,2.50E-05,40
MT862855,495,MHC-I,HLA-A*02:01,1,226,234,9,TSQETWNRQ,TSQETWNRQ,TSQETWNRQ,2.50E-05,52
MT862855,495,MHC-I,HLA-A*02:01,1,3,11,9,CVGIGNRDF,CVGIGNRDF,CVGIGNRDF,2.50E-05,52
MT862855,495,MHC-I,HLA-B*44:02,1,407,415,9,RGARRMAIL,RGARRMAIL,RGARRMAIL,2.40E-05,40
MT862855,495,MHC-I,HLA-B*44:02,1,382,390,9,AGEKALKLS,AGEKALKLS,AGEKALKLS,2.40E-05,40
MT862855,495,MHC-I,HLA-A*02:01,1,364,372,9,PVNIETEPP,PVNIETEPP,PVNIETEPP,2.40E-05,53
MT862855,495,MHC-I,HLA-A*02:01,1,280,288,9,AGHLKCRLK,AGHLKCRLK,AGHLKCRLK,2.40E-05,53
MT862855,495,MHC-I,HLA-A*02:01,1,249,257,9,EVVVLGSQE,EVVVLGSQE,EVVVLGSQE,2.40E-05,53
MT862855,495,MHC-I,HLA-A*02:01,1,179,187,9,GALTLDCSP,GALTLDCSP,GALTLDCSP,2.40E-05,53
MT862855,495,MHC-I,HLA-A*02:01,1,169,177,9,PTSEIQLTD,PTSEIQLTD,PTSEIQLTD,2.40E-05,53
MT862855,495,MHC-I,HLA-A*02:01,1,166,174,9,PQAPTSEIQ,PQAPTSEIQ,PQAPTSEIQ,2.40E-05,53
MT862855,495,MHC-I,HLA-A*02:01,1,43,51,9,IELLKTEVT,IELLKTEVT,IELLKTEVT,2.40E-05,53
MT862855,495,MHC-I,HLA-B*44:02,1,474,482,9,SLSMTCVAV,SLSMTCVAV,SLSMTCVAV,2.30E-05,41
MT862855,495,MHC-I,HLA-B*44:02,1,71,79,9,DSRCPTQGE,DSRCPTQGE,DSRCPTQGE,2.30E-05,41
MT862855,495,MHC-I,HLA-B*44:02,1,59,67,9,LCIEAKISN,LCIEAKISN,LCIEAKISN,2.30E-05,41
MT862855,495,MHC-I,HLA-B*44:02,1,22,30,9,DVVLEHGSC,DVVLEHGSC,DVVLEHGSC,2.30E-05,41
MT862855,495,MHC-I,HLA-A*02:01,1,464,472,9,TWLGLNSRS,TWLGLNSRS,TWLGLNSRS,2.30E-05,53
MT862855,495,MHC-I,HLA-A*02:01,1,109,117,9,GKGSLLTCA,GKGSLLTCA,GKGSLLTCA,2.30E-05,53
MT862855,495,MHC-I,HLA-B*44:02,1,435,443,9,LVHQVFGTA,LVHQVFGTA,LVHQVFGTA,2.20E-05,42
MT862855,495,MHC-I,HLA-B*44:02,1,320,328,9,VLVQVKYEG,VLVQVKYEG,VLVQVKYEG,2.20E-05,42
MT862855,495,MHC-I,HLA-B*44:02,1,263,271,9,ALTGATEIQ,ALTGATEIQ,ALTGATEIQ,2.20E-05,42
MT862855,495,MHC-I,HLA-B*44:02,1,195,203,9,EMVLLTMKE,EMVLLTMKE,EMVLLTMKE,2.20E-05,42
MT862855,495,MHC-I,HLA-A*02:01,1,466,474,9,LGLNSRSTS,LGLNSRSTS,LGLNSRSTS,2.20E-05,54
MT862855,495,MHC-I,HLA-A*02:01,1,376,384,9,SYIVVGAGE,SYIVVGAGE,SYIVVGAGE,2.20E-05,54
MT862855,495,MHC-I,HLA-A*02:01,1,221,229,9,TSGASTSQE,TSGASTSQE,TSGASTSQE,2.20E-05,54
MT862855,495,MHC-I,HLA-A*02:01,1,67,75,9,NTTTDSRCP,NTTTDSRCP,NTTTDSRCP,2.20E-05,54
MT862855,495,MHC-I,HLA-B*44:02,1,362,370,9,EKPVNIETE,EKPVNIETE,EKPVNIETE,2.10E-05,43
MT862855,495,MHC-I,HLA-B*44:02,1,110,118,9,KGSLLTCAK,KGSLLTCAK,KGSLLTCAK,2.10E-05,43
MT862855,495,MHC-I,HLA-B*44:02,1,107,115,9,LFGKGSLLT,LFGKGSLLT,LFGKGSLLT,2.10E-05,43
MT862855,495,MHC-I,HLA-B*44:02,1,31,39,9,VTTMAKNKP,VTTMAKNKP,VTTMAKNKP,2.10E-05,43
MT862855,495,MHC-I,HLA-A*02:01,1,366,374,9,NIETEPPFG,NIETEPPFG,NIETEPPFG,2.10E-05,55
MT862855,495,MHC-I,HLA-A*02:01,1,298,306,9,SYVMCTGSF,SYVMCTGSF,SYVMCTGSF,2.10E-05,55
MT862855,495,MHC-I,HLA-A*02:01,1,115,123,9,TCAKFKCVT,TCAKFKCVT,TCAKFKCVT,2.10E-05,55
MT862855,495,MHC-I,HLA-A*02:01,1,86,94,9,QDANFVCRR,QDANFVCRR,QDANFVCRR,2.10E-05,55
MT862855,495,MHC-I,HLA-B*44:02,1,250,258,9,VVVLGSQEG,VVVLGSQEG,VVVLGSQEG,2.00E-05,43
MT862855,495,MHC-I,HLA-B*44:02,1,237,245,9,LVTFKTAHA,LVTFKTAHA,LVTFKTAHA,2.00E-05,43
MT862855,495,MHC-I,HLA-B*44:02,1,209,217,9,HKQWFLDLP,HKQWFLDLP,HKQWFLDLP,2.00E-05,43
MT862855,495,MHC-I,HLA-A*02:01,1,97,105,9,VDRGWGNGC,VDRGWGNGC,VDRGWGNGC,2.00E-05,55
MT862855,495,MHC-I,HLA-A*02:01,1,78,86,9,GEATLVEEQ,GEATLVEEQ,GEATLVEEQ,2.00E-05,55
MT862855,495,MHC-I,HLA-A*02:01,1,56,64,9,LRKLCIEAK,LRKLCIEAK,LRKLCIEAK,2.00E-05,55
MT862855,495,MHC-I,HLA-A*02:01,1,1,9,9,MRCVGIGNR,MRCVGIGNR,MRCVGIGNR,2.00E-05,55
MT862855,495,MHC-I,HLA-B*44:02,1,473,481,9,TSLSMTCVA,TSLSMTCVA,TSLSMTCVA,1.90E-05,44
MT862855,495,MHC-I,HLA-B*44:02,1,67,75,9,NTTTDSRCP,NTTTDSRCP,NTTTDSRCP,1.90E-05,44
MT862855,495,MHC-I,HLA-A*02:01,1,444,452,9,YGVLFSGVS,YGVLFSGVS,YGVLFSGVS,1.90E-05,56
MT862855,495,MHC-I,HLA-A*02:01,1,348,356,9,NGRLITANP,NGRLITANP,NGRLITANP,1.90E-05,56
MT862855,495,MHC-I,HLA-A*02:01,1,273,281,9,SGTTTIFAG,SGTTTIFAG,SGTTTIFAG,1.90E-05,56
MT862855,495,MHC-I,HLA-A*02:01,1,268,276,9,TEIQTSGTT,TEIQTSGTT,TEIQTSGTT,1.90E-05,56
MT862855,495,MHC-I,HLA-A*02:01,1,30,38,9,CVTTMAKNK,CVTTMAKNK,CVTTMAKNK,1.90E-05,56
MT862855,495,MHC-I,HLA-B*44:02,1,56,64,9,LRKLCIEAK,LRKLCIEAK,LRKLCIEAK,1.80E-05,45
MT862855,495,MHC-I,HLA-B*44:02,1,46,54,9,LKTEVTNPA,LKTEVTNPA,LKTEVTNPA,1.80E-05,45
MT862855,495,MHC-I,HLA-B*44:02,1,44,52,9,ELLKTEVTN,ELLKTEVTN,ELLKTEVTN,1.80E-05,45
MT862855,495,MHC-I,HLA-A*02:01,1,303,311,9,TGSFKLEKE,TGSFKLEKE,TGSFKLEKE,1.80E-05,57
MT862855,495,MHC-I,HLA-A*02:01,1,148,156,9,QHQVGNETT,QHQVGNETT,QHQVGNETT,1.80E-05,57
MT862855,495,MHC-I,HLA-B*44:02,1,486,494,9,TLYLGVMVQ,TLYLGVMVQ,TLYLGVMVQ,1.70E-05,46
MT862855,495,MHC-I,HLA-B*44:02,1,484,492,9,MVTLYLGVM,MVTLYLGVM,MVTLYLGVM,1.70E-05,46
MT862855,495,MHC-I,HLA-B*44:02,1,306,314,9,FKLEKEVAE,FKLEKEVAE,FKLEKEVAE,1.70E-05,46
MT862855,495,MHC-I,HLA-B*44:02,1,303,311,9,TGSFKLEKE,TGSFKLEKE,TGSFKLEKE,1.70E-05,46
MT862855,495,MHC-I,HLA-A*02:01,1,395,403,9,GSSIGKMFE,GSSIGKMFE,GSSIGKMFE,1.70E-05,58
MT862855,495,MHC-I,HLA-A*02:01,1,356,364,9,PIVTDKEKP,PIVTDKEKP,PIVTDKEKP,1.70E-05,58
MT862855,495,MHC-I,HLA-A*02:01,1,178,186,9,YGALTLDCS,YGALTLDCS,YGALTLDCS,1.70E-05,58
MT862855,495,MHC-I,HLA-A*02:01,1,91,99,9,VCRRTFVDR,VCRRTFVDR,VCRRTFVDR,1.70E-05,58
MT862855,495,MHC-I,HLA-A*02:01,1,53,61,9,PAVLRKLCI,PAVLRKLCI,PAVLRKLCI,1.70E-05,58
MT862855,495,MHC-I,HLA-B*44:02,1,478,486,9,TCVAVGMVT,TCVAVGMVT,TCVAVGMVT,1.60E-05,47
MT862855,495,MHC-I,HLA-B*44:02,1,345,353,9,VTQNGRLIT,VTQNGRLIT,VTQNGRLIT,1.60E-05,47
MT862855,495,MHC-I,HLA-B*44:02,1,115,123,9,TCAKFKCVT,TCAKFKCVT,TCAKFKCVT,1.60E-05,47
MT862855,495,MHC-I,HLA-B*44:02,1,95,103,9,TFVDRGWGN,TFVDRGWGN,TFVDRGWGN,1.60E-05,47
MT862855,495,MHC-I,HLA-A*02:01,1,246,254,9,KKQEVVVLG,KKQEVVVLG,KKQEVVVLG,1.60E-05,59
MT862855,495,MHC-I,HLA-B*44:02,1,448,456,9,FSGVSWTMK,FSGVSWTMK,FSGVSWTMK,1.50E-05,48
MT862855,495,MHC-I,HLA-B*44:02,1,260,268,9,MHTALTGAT,MHTALTGAT,MHTALTGAT,1.50E-05,48
MT862855,495,MHC-I,HLA-B*44:02,1,152,160,9,GNETTEHGT,GNETTEHGT,GNETTEHGT,1.50E-05,48
MT862855,495,MHC-I,HLA-B*44:02,1,126,134,9,EGKIVQYEN,EGKIVQYEN,EGKIVQYEN,1.50E-05,48
MT862855,495,MHC-I,HLA-B*44:02,1,114,122,9,LTCAKFKCV,LTCAKFKCV,LTCAKFKCV,1.50E-05,48
MT862855,495,MHC-I,HLA-A*02:01,1,87,95,9,DANFVCRRT,DANFVCRRT,DANFVCRRT,1.50E-05,60
MT862855,495,MHC-I,HLA-B*44:02,1,434,442,9,KLVHQVFGT,KLVHQVFGT,KLVHQVFGT,1.40E-05,49
MT862855,495,MHC-I,HLA-B*44:02,1,426,434,9,GGVFTSVGK,GGVFTSVGK,GGVFTSVGK,1.40E-05,49
MT862855,495,MHC-I,HLA-B*44:02,1,419,427,9,AWDFGSIGG,AWDFGSIGG,AWDFGSIGG,1.40E-05,49
MT862855,495,MHC-I,HLA-B*44:02,1,181,189,9,LTLDCSPRT,LTLDCSPRT,LTLDCSPRT,1.40E-05,49
MT862855,495,MHC-I,HLA-B*44:02,1,116,124,9,CAKFKCVTK,CAKFKCVTK,CAKFKCVTK,1.40E-05,49
MT862855,495,MHC-I,HLA-B*44:02,1,55,63,9,VLRKLCIEA,VLRKLCIEA,VLRKLCIEA,1.40E-05,49
MT862855,495,MHC-I,HLA-B*44:02,1,45,53,9,LLKTEVTNP,LLKTEVTNP,LLKTEVTNP,1.40E-05,49
MT862855,495,MHC-I,HLA-A*02:01,1,482,490,9,VGMVTLYLG,VGMVTLYLG,VGMVTLYLG,1.40E-05,61
MT862855,495,MHC-I,HLA-A*02:01,1,470,478,9,SRSTSLSMT,SRSTSLSMT,SRSTSLSMT,1.40E-05,61
MT862855,495,MHC-I,HLA-A*02:01,1,231,239,9,WNRQDLLVT,WNRQDLLVT,WNRQDLLVT,1.40E-05,61
MT862855,495,MHC-I,HLA-A*02:01,1,90,98,9,FVCRRTFVD,FVCRRTFVD,FVCRRTFVD,1.40E-05,61
MT862855,495,MHC-I,HLA-A*02:01,1,77,85,9,QGEATLVEE,QGEATLVEE,QGEATLVEE,1.40E-05,61
MT862855,495,MHC-I,HLA-A*02:01,1,52,60,9,NPAVLRKLC,NPAVLRKLC,NPAVLRKLC,1.40E-05,61
MT862855,495,MHC-I,HLA-A*02:01,1,9,17,9,RDFVEGLSG,RDFVEGLSG,RDFVEGLSG,1.40E-05,61
MT862855,495,MHC-I,HLA-B*44:02,1,398,406,9,IGKMFEATA,IGKMFEATA,IGKMFEATA,1.30E-05,50
MT862855,495,MHC-I,HLA-B*44:02,1,215,223,9,DLPLPWTSG,DLPLPWTSG,DLPLPWTSG,1.30E-05,50
MT862855,495,MHC-I,HLA-B*44:02,1,30,38,9,CVTTMAKNK,CVTTMAKNK,CVTTMAKNK,1.30E-05,50
MT862855,495,MHC-I,HLA-B*44:02,1,433,441,9,GKLVHQVFG,GKLVHQVFG,GKLVHQVFG,1.20E-05,52
MT862855,495,MHC-I,HLA-B*44:02,1,372,380,9,PFGESYIVV,PFGESYIVV,PFGESYIVV,1.20E-05,52
MT862855,495,MHC-I,HLA-B*44:02,1,319,327,9,TVLVQVKYE,TVLVQVKYE,TVLVQVKYE,1.20E-05,52
MT862855,495,MHC-I,HLA-B*44:02,1,290,298,9,DKLTLKGMS,DKLTLKGMS,DKLTLKGMS,1.20E-05,52
MT862855,495,MHC-I,HLA-B*44:02,1,197,205,9,VLLTMKEKS,VLLTMKEKS,VLLTMKEKS,1.20E-05,52
MT862855,495,MHC-I,HLA-B*44:02,1,108,116,9,FGKGSLLTC,FGKGSLLTC,FGKGSLLTC,1.20E-05,52
MT862855,495,MHC-I,HLA-B*44:02,1,34,42,9,MAKNKPTLD,MAKNKPTLD,MAKNKPTLD,1.20E-05,52
MT862855,495,MHC-I,HLA-A*02:01,1,459,467,9,IGILLTWLG,IGILLTWLG,IGILLTWLG,1.20E-05,63
MT862855,495,MHC-I,HLA-A*02:01,1,171,179,9,SEIQLTDYG,SEIQLTDYG,SEIQLTDYG,1.20E-05,63
MT862855,495,MHC-I,HLA-A*02:01,1,144,152,9,HTGDQHQVG,HTGDQHQVG,HTGDQHQVG,1.20E-05,63
MT862855,495,MHC-I,HLA-B*44:02,1,456,464,9,KIGIGILLT,KIGIGILLT,KIGIGILLT,1.10E-05,53
MT862855,495,MHC-I,HLA-B*44:02,1,441,449,9,GTAYGVLFS,GTAYGVLFS,GTAYGVLFS,1.10E-05,53
MT862855,495,MHC-I,HLA-B*44:02,1,358,366,9,VTDKEKPVN,VTDKEKPVN,VTDKEKPVN,1.10E-05,53
MT862855,495,MHC-I,HLA-B*44:02,1,186,194,9,SPRTGLDFN,SPRTGLDFN,SPRTGLDFN,1.10E-05,53
MT862855,495,MHC-I,HLA-B*44:02,1,179,187,9,GALTLDCSP,GALTLDCSP,GALTLDCSP,1.10E-05,53
MT862855,495,MHC-I,HLA-B*44:02,1,134,142,9,NLKYSVIVT,NLKYSVIVT,NLKYSVIVT,1.10E-05,53
MT862855,495,MHC-I,HLA-B*44:02,1,68,76,9,TTTDSRCPT,TTTDSRCPT,TTTDSRCPT,1.10E-05,53
MT862855,495,MHC-I,HLA-B*44:02,1,29,37,9,SCVTTMAKN,SCVTTMAKN,SCVTTMAKN,1.10E-05,53
MT862855,495,MHC-I,HLA-A*02:01,1,475,483,9,LSMTCVAVG,LSMTCVAVG,LSMTCVAVG,1.10E-05,64
MT862855,495,MHC-I,HLA-A*02:01,1,355,363,9,NPIVTDKEK,NPIVTDKEK,NPIVTDKEK,1.10E-05,64
MT862855,495,MHC-I,HLA-A*02:01,1,207,215,9,LVHKQWFLD,LVHKQWFLD,LVHKQWFLD,1.10E-05,64
MT862855,495,MHC-I,HLA-A*02:01,1,201,209,9,MKEKSWLVH,MKEKSWLVH,MKEKSWLVH,1.10E-05,64
MT862855,495,MHC-I,HLA-A*02:01,1,151,159,9,VGNETTEHG,VGNETTEHG,VGNETTEHG,1.10E-05,64
MT862855,495,MHC-I,HLA-A*02:01,1,123,131,9,TKLEGKIVQ,TKLEGKIVQ,TKLEGKIVQ,1.10E-05,64
MT862855,495,MHC-I,HLA-B*44:02,1,422,430,9,FGSIGGVFT,FGSIGGVFT,FGSIGGVFT,1.00E-05,55
MT862855,495,MHC-I,HLA-B*44:02,1,416,424,9,GDTAWDFGS,GDTAWDFGS,GDTAWDFGS,1.00E-05,55
MT862855,495,MHC-I,HLA-B*44:02,1,388,396,9,KLSWFKRGS,KLSWFKRGS,KLSWFKRGS,1.00E-05,55
MT862855,495,MHC-I,HLA-B*44:02,1,377,385,9,YIVVGAGEK,YIVVGAGEK,YIVVGAGEK,1.00E-05,55
MT862855,495,MHC-I,HLA-B*44:02,1,375,383,9,ESYIVVGAG,ESYIVVGAG,ESYIVVGAG,1.00E-05,55
MT862855,495,MHC-I,HLA-B*44:02,1,301,309,9,MCTGSFKLE,MCTGSFKLE,MCTGSFKLE,1.00E-05,55
MT862855,495,MHC-I,HLA-B*44:02,1,221,229,9,TSGASTSQE,TSGASTSQE,TSGASTSQE,1.00E-05,55
MT862855,495,MHC-I,HLA-B*44:02,1,180,188,9,ALTLDCSPR,ALTLDCSPR,ALTLDCSPR,1.00E-05,55
MT862855,495,MHC-I,HLA-B*44:02,1,164,172,9,ITPQAPTSE,ITPQAPTSE,ITPQAPTSE,1.00E-05,55
MT862855,495,MHC-I,HLA-B*44:02,1,102,110,9,GNGCGLFGK,GNGCGLFGK,GNGCGLFGK,1.00E-05,55
MT862855,495,MHC-I,HLA-B*44:02,1,64,72,9,KISNTTTDS,KISNTTTDS,KISNTTTDS,1.00E-05,55
MT862855,495,MHC-I,HLA-B*44:02,1,8,16,9,NRDFVEGLS,NRDFVEGLS,NRDFVEGLS,1.00E-05,55
MT862855,495,MHC-I,HLA-A*02:01,1,382,390,9,AGEKALKLS,AGEKALKLS,AGEKALKLS,1.00E-05,66
MT862855,495,MHC-I,HLA-A*02:01,1,177,185,9,DYGALTLDC,DYGALTLDC,DYGALTLDC,1.00E-05,66
MT862855,495,MHC-I,HLA-A*02:01,1,59,67,9,LCIEAKISN,LCIEAKISN,LCIEAKISN,1.00E-05,66
MT862855,495,MHC-I,HLA-B*44:02,1,354,362,9,ANPIVTDKE,ANPIVTDKE,ANPIVTDKE,9.00E-06,57
MT862855,495,MHC-I,HLA-B*44:02,1,347,355,9,QNGRLITAN,QNGRLITAN,QNGRLITAN,9.00E-06,57
MT862855,495,MHC-I,HLA-B*44:02,1,325,333,9,KYEGTDAPC,KYEGTDAPC,KYEGTDAPC,9.00E-06,57
MT862855,495,MHC-I,HLA-B*44:02,1,81,89,9,TLVEEQDAN,TLVEEQDAN,TLVEEQDAN,9.00E-06,57
MT862855,495,MHC-I,HLA-B*44:02,1,77,85,9,QGEATLVEE,QGEATLVEE,QGEATLVEE,9.00E-06,57
MT862855,495,MHC-I,HLA-A*02:01,1,450,458,9,GVSWTMKIG,GVSWTMKIG,GVSWTMKIG,9.00E-06,67
MT862855,495,MHC-I,HLA-A*02:01,1,384,392,9,EKALKLSWF,EKALKLSWF,EKALKLSWF,9.00E-06,67
MT862855,495,MHC-I,HLA-A*02:01,1,362,370,9,EKPVNIETE,EKPVNIETE,EKPVNIETE,9.00E-06,67
MT862855,495,MHC-I,HLA-A*02:01,1,176,184,9,TDYGALTLD,TDYGALTLD,TDYGALTLD,9.00E-06,67
MT862855,495,MHC-I,HLA-A*02:01,1,94,102,9,RTFVDRGWG,RTFVDRGWG,RTFVDRGWG,9.00E-06,67
MT862855,495,MHC-I,HLA-A*02:01,1,66,74,9,SNTTTDSRC,SNTTTDSRC,SNTTTDSRC,9.00E-06,67
MT862855,495,MHC-I,HLA-A*02:01,1,6,14,9,IGNRDFVEG,IGNRDFVEG,IGNRDFVEG,9.00E-06,67
MT862855,495,MHC-I,HLA-B*44:02,1,477,485,9,MTCVAVGMV,MTCVAVGMV,MTCVAVGMV,8.00E-06,59
MT862855,495,MHC-I,HLA-B*44:02,1,410,418,9,RRMAILGDT,RRMAILGDT,RRMAILGDT,8.00E-06,59
MT862855,495,MHC-I,HLA-B*44:02,1,397,405,9,SIGKMFEAT,SIGKMFEAT,SIGKMFEAT,8.00E-06,59
MT862855,495,MHC-I,HLA-B*44:02,1,333,341,9,CKIPFSTQD,CKIPFSTQD,CKIPFSTQD,8.00E-06,59
MT862855,495,MHC-I,HLA-B*44:02,1,283,291,9,LKCRLKMDK,LKCRLKMDK,LKCRLKMDK,8.00E-06,59
MT862855,495,MHC-I,HLA-B*44:02,1,118,126,9,KFKCVTKLE,KFKCVTKLE,KFKCVTKLE,8.00E-06,59
MT862855,495,MHC-I,HLA-B*44:02,1,105,113,9,CGLFGKGSL,CGLFGKGSL,CGLFGKGSL,8.00E-06,59
MT862855,495,MHC-I,HLA-B*44:02,1,79,87,9,EATLVEEQD,EATLVEEQD,EATLVEEQD,8.00E-06,59
MT862855,495,MHC-I,HLA-A*02:01,1,373,381,9,FGESYIVVG,FGESYIVVG,FGESYIVVG,8.00E-06,69
MT862855,495,MHC-I,HLA-A*02:01,1,310,318,9,KEVAETQHG,KEVAETQHG,KEVAETQHG,8.00E-06,69
MT862855,495,MHC-I,HLA-A*02:01,1,294,302,9,LKGMSYVMC,LKGMSYVMC,LKGMSYVMC,8.00E-06,69
MT862855,495,MHC-I,HLA-A*02:01,1,157,165,9,EHGTIATIT,EHGTIATIT,EHGTIATIT,8.00E-06,69
MT862855,495,MHC-I,HLA-A*02:01,1,100,108,9,GWGNGCGLF,GWGNGCGLF,GWGNGCGLF,8.00E-06,69
MT862855,495,MHC-I,HLA-A*02:01,1,21,29,9,VDVVLEHGS,VDVVLEHGS,VDVVLEHGS,8.00E-06,69
MT862855,495,MHC-I,HLA-B*44:02,1,446,454,9,VLFSGVSWT,VLFSGVSWT,VLFSGVSWT,7.00E-06,62
MT862855,495,MHC-I,HLA-B*44:02,1,395,403,9,GSSIGKMFE,GSSIGKMFE,GSSIGKMFE,7.00E-06,62
MT862855,495,MHC-I,HLA-B*44:02,1,334,342,9,KIPFSTQDE,KIPFSTQDE,KIPFSTQDE,7.00E-06,62
MT862855,495,MHC-I,HLA-B*44:02,1,332,340,9,PCKIPFSTQ,PCKIPFSTQ,PCKIPFSTQ,7.00E-06,62
MT862855,495,MHC-I,HLA-B*44:02,1,273,281,9,SGTTTIFAG,SGTTTIFAG,SGTTTIFAG,7.00E-06,62
MT862855,495,MHC-I,HLA-B*44:02,1,213,221,9,FLDLPLPWT,FLDLPLPWT,FLDLPLPWT,7.00E-06,62
MT862855,495,MHC-I,HLA-A*02:01,1,248,256,9,QEVVVLGSQ,QEVVVLGSQ,QEVVVLGSQ,7.00E-06,71
MT862855,495,MHC-I,HLA-A*02:01,1,36,44,9,KNKPTLDIE,KNKPTLDIE,KNKPTLDIE,7.00E-06,71
MT862855,495,MHC-I,HLA-A*02:01,1,34,42,9,MAKNKPTLD,MAKNKPTLD,MAKNKPTLD,7.00E-06,71
MT862855,495,MHC-I,HLA-B*44:02,1,468,476,9,LNSRSTSLS,LNSRSTSLS,LNSRSTSLS,6.00E-06,64
MT862855,495,MHC-I,HLA-B*44:02,1,458,466,9,GIGILLTWL,GIGILLTWL,GIGILLTWL,6.00E-06,64
MT862855,495,MHC-I,HLA-B*44:02,1,321,329,9,LVQVKYEGT,LVQVKYEGT,LVQVKYEGT,6.00E-06,64
MT862855,495,MHC-I,HLA-B*44:02,1,295,303,9,KGMSYVMCT,KGMSYVMCT,KGMSYVMCT,6.00E-06,64
MT862855,495,MHC-I,HLA-B*44:02,1,285,293,9,CRLKMDKLT,CRLKMDKLT,CRLKMDKLT,6.00E-06,64
MT862855,495,MHC-I,HLA-B*44:02,1,184,192,9,DCSPRTGLD,DCSPRTGLD,DCSPRTGLD,6.00E-06,64
MT862855,495,MHC-I,HLA-B*44:02,1,73,81,9,RCPTQGEAT,RCPTQGEAT,RCPTQGEAT,6.00E-06,64
MT862855,495,MHC-I,HLA-B*44:02,1,60,68,9,CIEAKISNT,CIEAKISNT,CIEAKISNT,6.00E-06,64
MT862855,495,MHC-I,HLA-B*44:02,1,24,32,9,VLEHGSCVT,VLEHGSCVT,VLEHGSCVT,6.00E-06,64
MT862855,495,MHC-I,HLA-B*44:02,1,11,19,9,FVEGLSGAT,FVEGLSGAT,FVEGLSGAT,6.00E-06,64
MT862855,495,MHC-I,HLA-A*02:01,1,468,476,9,LNSRSTSLS,LNSRSTSLS,LNSRSTSLS,6.00E-06,73
MT862855,495,MHC-I,HLA-A*02:01,1,410,418,9,RRMAILGDT,RRMAILGDT,RRMAILGDT,6.00E-06,73
MT862855,495,MHC-I,HLA-A*02:01,1,354,362,9,ANPIVTDKE,ANPIVTDKE,ANPIVTDKE,6.00E-06,73
MT862855,495,MHC-I,HLA-A*02:01,1,342,350,9,EKGVTQNGR,EKGVTQNGR,EKGVTQNGR,6.00E-06,73
MT862855,495,MHC-I,HLA-A*02:01,1,203,211,9,EKSWLVHKQ,EKSWLVHKQ,EKSWLVHKQ,6.00E-06,73
MT862855,495,MHC-I,HLA-A*02:01,1,152,160,9,GNETTEHGT,GNETTEHGT,GNETTEHGT,6.00E-06,73
MT862855,495,MHC-I,HLA-A*02:01,1,145,153,9,TGDQHQVGN,TGDQHQVGN,TGDQHQVGN,6.00E-06,73
MT862855,495,MHC-I,HLA-A*02:01,1,140,148,9,IVTVHTGDQ,IVTVHTGDQ,IVTVHTGDQ,6.00E-06,73
MT862855,495,MHC-I,HLA-A*02:01,1,102,110,9,GNGCGLFGK,GNGCGLFGK,GNGCGLFGK,6.00E-06,73
MT862855,495,MHC-I,HLA-A*02:01,1,95,103,9,TFVDRGWGN,TFVDRGWGN,TFVDRGWGN,6.00E-06,73
MT862855,495,MHC-I,HLA-B*44:02,1,466,474,9,LGLNSRSTS,LGLNSRSTS,LGLNSRSTS,5.00E-06,68
MT862855,495,MHC-I,HLA-B*44:02,1,465,473,9,WLGLNSRST,WLGLNSRST,WLGLNSRST,5.00E-06,68
MT862855,495,MHC-I,HLA-B*44:02,1,366,374,9,NIETEPPFG,NIETEPPFG,NIETEPPFG,5.00E-06,68
MT862855,495,MHC-I,HLA-B*44:02,1,351,359,9,LITANPIVT,LITANPIVT,LITANPIVT,5.00E-06,68
MT862855,495,MHC-I,HLA-B*44:02,1,330,338,9,DAPCKIPFS,DAPCKIPFS,DAPCKIPFS,5.00E-06,68
MT862855,495,MHC-I,HLA-B*44:02,1,264,272,9,LTGATEIQT,LTGATEIQT,LTGATEIQT,5.00E-06,68
MT862855,495,MHC-I,HLA-B*44:02,1,231,239,9,WNRQDLLVT,WNRQDLLVT,WNRQDLLVT,5.00E-06,68
MT862855,495,MHC-I,HLA-B*44:02,1,177,185,9,DYGALTLDC,DYGALTLDC,DYGALTLDC,5.00E-06,68
MT862855,495,MHC-I,HLA-B*44:02,1,104,112,9,GCGLFGKGS,GCGLFGKGS,GCGLFGKGS,5.00E-06,68
MT862855,495,MHC-I,HLA-B*44:02,1,53,61,9,PAVLRKLCI,PAVLRKLCI,PAVLRKLCI,5.00E-06,68
MT862855,495,MHC-I,HLA-B*44:02,1,20,28,9,WVDVVLEHG,WVDVVLEHG,WVDVVLEHG,5.00E-06,68
MT862855,495,MHC-I,HLA-B*44:02,1,2,10,9,RCVGIGNRD,RCVGIGNRD,RCVGIGNRD,5.00E-06,68
MT862855,495,MHC-I,HLA-A*02:01,1,332,340,9,PCKIPFSTQ,PCKIPFSTQ,PCKIPFSTQ,5.00E-06,75
MT862855,495,MHC-I,HLA-A*02:01,1,322,330,9,VQVKYEGTD,VQVKYEGTD,VQVKYEGTD,5.00E-06,75
MT862855,495,MHC-I,HLA-A*02:01,1,118,126,9,KFKCVTKLE,KFKCVTKLE,KFKCVTKLE,5.00E-06,75
MT862855,495,MHC-I,HLA-A*02:01,1,104,112,9,GCGLFGKGS,GCGLFGKGS,GCGLFGKGS,5.00E-06,75
MT862855,495,MHC-I,HLA-A*02:01,1,71,79,9,DSRCPTQGE,DSRCPTQGE,DSRCPTQGE,5.00E-06,75
MT862855,495,MHC-I,HLA-A*02:01,1,29,37,9,SCVTTMAKN,SCVTTMAKN,SCVTTMAKN,5.00E-06,75
MT862855,495,MHC-I,HLA-A*02:01,1,8,16,9,NRDFVEGLS,NRDFVEGLS,NRDFVEGLS,5.00E-06,75
MT862855,495,MHC-I,HLA-B*44:02,1,482,490,9,VGMVTLYLG,VGMVTLYLG,VGMVTLYLG,4.00E-06,72
MT862855,495,MHC-I,HLA-B*44:02,1,475,483,9,LSMTCVAVG,LSMTCVAVG,LSMTCVAVG,4.00E-06,72
MT862855,495,MHC-I,HLA-B*44:02,1,459,467,9,IGILLTWLG,IGILLTWLG,IGILLTWLG,4.00E-06,72
MT862855,495,MHC-I,HLA-B*44:02,1,409,417,9,ARRMAILGD,ARRMAILGD,ARRMAILGD,4.00E-06,72
MT862855,495,MHC-I,HLA-B*44:02,1,387,395,9,LKLSWFKRG,LKLSWFKRG,LKLSWFKRG,4.00E-06,72
MT862855,495,MHC-I,HLA-B*44:02,1,294,302,9,LKGMSYVMC,LKGMSYVMC,LKGMSYVMC,4.00E-06,72
MT862855,495,MHC-I,HLA-B*44:02,1,169,177,9,PTSEIQLTD,PTSEIQLTD,PTSEIQLTD,4.00E-06,72
MT862855,495,MHC-I,HLA-B*44:02,1,119,127,9,FKCVTKLEG,FKCVTKLEG,FKCVTKLEG,4.00E-06,72
MT862855,495,MHC-I,HLA-B*44:02,1,92,100,9,CRRTFVDRG,CRRTFVDRG,CRRTFVDRG,4.00E-06,72
MT862855,495,MHC-I,HLA-B*44:02,1,91,99,9,VCRRTFVDR,VCRRTFVDR,VCRRTFVDR,4.00E-06,72
MT862855,495,MHC-I,HLA-A*02:01,1,416,424,9,GDTAWDFGS,GDTAWDFGS,GDTAWDFGS,4.00E-06,78
MT862855,495,MHC-I,HLA-A*02:01,1,375,383,9,ESYIVVGAG,ESYIVVGAG,ESYIVVGAG,4.00E-06,78
MT862855,495,MHC-I,HLA-A*02:01,1,282,290,9,HLKCRLKMD,HLKCRLKMD,HLKCRLKMD,4.00E-06,78
MT862855,495,MHC-I,HLA-A*02:01,1,260,268,9,MHTALTGAT,MHTALTGAT,MHTALTGAT,4.00E-06,78
MT862855,495,MHC-I,HLA-A*02:01,1,209,217,9,HKQWFLDLP,HKQWFLDLP,HKQWFLDLP,4.00E-06,78
MT862855,495,MHC-I,HLA-A*02:01,1,2,10,9,RCVGIGNRD,RCVGIGNRD,RCVGIGNRD,4.00E-06,78
MT862855,495,MHC-I,HLA-B*44:02,1,450,458,9,GVSWTMKIG,GVSWTMKIG,GVSWTMKIG,3.00E-06,77
MT862855,495,MHC-I,HLA-B*44:02,1,408,416,9,GARRMAILG,GARRMAILG,GARRMAILG,3.00E-06,77
MT862855,495,MHC-I,HLA-B*44:02,1,391,399,9,WFKRGSSIG,WFKRGSSIG,WFKRGSSIG,3.00E-06,77
MT862855,495,MHC-I,HLA-B*44:02,1,356,364,9,PIVTDKEKP,PIVTDKEKP,PIVTDKEKP,3.00E-06,77
MT862855,495,MHC-I,HLA-B*44:02,1,322,330,9,VQVKYEGTD,VQVKYEGTD,VQVKYEGTD,3.00E-06,77
MT862855,495,MHC-I,HLA-B*44:02,1,297,305,9,MSYVMCTGS,MSYVMCTGS,MSYVMCTGS,3.00E-06,77
MT862855,495,MHC-I,HLA-B*44:02,1,224,232,9,ASTSQETWN,ASTSQETWN,ASTSQETWN,3.00E-06,77
MT862855,495,MHC-I,HLA-B*44:02,1,94,102,9,RTFVDRGWG,RTFVDRGWG,RTFVDRGWG,3.00E-06,77
MT862855,495,MHC-I,HLA-B*44:02,1,58,66,9,KLCIEAKIS,KLCIEAKIS,KLCIEAKIS,3.00E-06,77
MT862855,495,MHC-I,HLA-B*44:02,1,54,62,9,AVLRKLCIE,AVLRKLCIE,AVLRKLCIE,3.00E-06,77
MT862855,495,MHC-I,HLA-B*44:02,1,15,23,9,LSGATWVDV,LSGATWVDV,LSGATWVDV,3.00E-06,77
MT862855,495,MHC-I,HLA-B*44:02,1,6,14,9,IGNRDFVEG,IGNRDFVEG,IGNRDFVEG,3.00E-06,77
MT862855,495,MHC-I,HLA-A*02:01,1,408,416,9,GARRMAILG,GARRMAILG,GARRMAILG,3.00E-06,82
MT862855,495,MHC-I,HLA-A*02:01,1,309,317,9,EKEVAETQH,EKEVAETQH,EKEVAETQH,3.00E-06,82
MT862855,495,MHC-I,HLA-A*02:01,1,283,291,9,LKCRLKMDK,LKCRLKMDK,LKCRLKMDK,3.00E-06,82
MT862855,495,MHC-I,HLA-A*02:01,1,79,87,9,EATLVEEQD,EATLVEEQD,EATLVEEQD,3.00E-06,82
MT862855,495,MHC-I,HLA-B*44:02,1,462,470,9,LLTWLGLNS,LLTWLGLNS,LLTWLGLNS,2.00E-06,84
MT862855,495,MHC-I,HLA-B*44:02,1,444,452,9,YGVLFSGVS,YGVLFSGVS,YGVLFSGVS,2.00E-06,84
MT862855,495,MHC-I,HLA-B*44:02,1,413,421,9,AILGDTAWD,AILGDTAWD,AILGDTAWD,2.00E-06,84
MT862855,495,MHC-I,HLA-B*44:02,1,389,397,9,LSWFKRGSS,LSWFKRGSS,LSWFKRGSS,2.00E-06,84
MT862855,495,MHC-I,HLA-B*44:02,1,373,381,9,FGESYIVVG,FGESYIVVG,FGESYIVVG,2.00E-06,84
MT862855,495,MHC-I,HLA-B*44:02,1,364,372,9,PVNIETEPP,PVNIETEPP,PVNIETEPP,2.00E-06,84
MT862855,495,MHC-I,HLA-B*44:02,1,296,304,9,GMSYVMCTG,GMSYVMCTG,GMSYVMCTG,2.00E-06,84
MT862855,495,MHC-I,HLA-B*44:02,1,282,290,9,HLKCRLKMD,HLKCRLKMD,HLKCRLKMD,2.00E-06,84
MT862855,495,MHC-I,HLA-B*44:02,1,219,227,9,PWTSGASTS,PWTSGASTS,PWTSGASTS,2.00E-06,84
MT862855,495,MHC-I,HLA-B*44:02,1,139,147,9,VIVTVHTGD,VIVTVHTGD,VIVTVHTGD,2.00E-06,84
MT862855,495,MHC-I,HLA-B*44:02,1,103,111,9,NGCGLFGKG,NGCGLFGKG,NGCGLFGKG,2.00E-06,84
MT862855,495,MHC-I,HLA-B*44:02,1,96,104,9,FVDRGWGNG,FVDRGWGNG,FVDRGWGNG,2.00E-06,84
MT862855,495,MHC-I,HLA-B*44:02,1,14,22,9,GLSGATWVD,GLSGATWVD,GLSGATWVD,2.00E-06,84
MT862855,495,MHC-I,HLA-B*44:02,1,5,13,9,GIGNRDFVE,GIGNRDFVE,GIGNRDFVE,2.00E-06,84
MT862855,495,MHC-I,HLA-A*02:01,1,433,441,9,GKLVHQVFG,GKLVHQVFG,GKLVHQVFG,2.00E-06,87
MT862855,495,MHC-I,HLA-A*02:01,1,425,433,9,IGGVFTSVG,IGGVFTSVG,IGGVFTSVG,2.00E-06,87
MT862855,495,MHC-I,HLA-A*02:01,1,391,399,9,WFKRGSSIG,WFKRGSSIG,WFKRGSSIG,2.00E-06,87
MT862855,495,MHC-I,HLA-A*02:01,1,340,348,9,QDEKGVTQN,QDEKGVTQN,QDEKGVTQN,2.00E-06,87
MT862855,495,MHC-I,HLA-A*02:01,1,285,293,9,CRLKMDKLT,CRLKMDKLT,CRLKMDKLT,2.00E-06,87
MT862855,495,MHC-I,HLA-A*02:01,1,186,194,9,SPRTGLDFN,SPRTGLDFN,SPRTGLDFN,2.00E-06,87
MT862855,495,MHC-I,HLA-A*02:01,1,101,109,9,WGNGCGLFG,WGNGCGLFG,WGNGCGLFG,2.00E-06,87
MT862855,495,MHC-I,HLA-A*02:01,1,63,71,9,AKISNTTTD,AKISNTTTD,AKISNTTTD,2.00E-06,87
MT862855,495,MHC-I,HLA-B*44:02,1,461,469,9,ILLTWLGLN,ILLTWLGLN,ILLTWLGLN,1.00E-06,94
MT862855,495,MHC-I,HLA-B*44:02,1,452,460,9,SWTMKIGIG,SWTMKIGIG,SWTMKIGIG,1.00E-06,94
MT862855,495,MHC-I,HLA-B*44:02,1,425,433,9,IGGVFTSVG,IGGVFTSVG,IGGVFTSVG,1.00E-06,94
MT862855,495,MHC-I,HLA-B*44:02,1,415,423,9,LGDTAWDFG,LGDTAWDFG,LGDTAWDFG,1.00E-06,94
MT862855,495,MHC-I,HLA-B*44:02,1,336,344,9,PFSTQDEKG,PFSTQDEKG,PFSTQDEKG,1.00E-06,94
MT862855,495,MHC-I,HLA-B*44:02,1,207,215,9,LVHKQWFLD,LVHKQWFLD,LVHKQWFLD,1.00E-06,94
MT862855,495,MHC-I,HLA-B*44:02,1,187,195,9,PRTGLDFNE,PRTGLDFNE,PRTGLDFNE,1.00E-06,94
MT862855,495,MHC-I,HLA-B*44:02,1,178,186,9,YGALTLDCS,YGALTLDCS,YGALTLDCS,1.00E-06,94
MT862855,495,MHC-I,HLA-B*44:02,1,140,148,9,IVTVHTGDQ,IVTVHTGDQ,IVTVHTGDQ,1.00E-06,94
MT862855,495,MHC-I,HLA-B*44:02,1,113,121,9,LLTCAKFKC,LLTCAKFKC,LLTCAKFKC,1.00E-06,94
MT862855,495,MHC-I,HLA-B*44:02,1,101,109,9,WGNGCGLFG,WGNGCGLFG,WGNGCGLFG,1.00E-06,94
MT862855,495,MHC-I,HLA-B*44:02,1,98,106,9,DRGWGNGCG,DRGWGNGCG,DRGWGNGCG,1.00E-06,94
MT862855,495,MHC-I,HLA-B*44:02,1,90,98,9,FVCRRTFVD,FVCRRTFVD,FVCRRTFVD,1.00E-06,94
MT862855,495,MHC-I,HLA-A*02:01,1,452,460,9,SWTMKIGIG,SWTMKIGIG,SWTMKIGIG,1.00E-06,95
MT862855,495,MHC-I,HLA-A*02:01,1,415,423,9,LGDTAWDFG,LGDTAWDFG,LGDTAWDFG,1.00E-06,95
MT862855,495,MHC-I,HLA-A*02:01,1,409,417,9,ARRMAILGD,ARRMAILGD,ARRMAILGD,1.00E-06,95
MT862855,495,MHC-I,HLA-A*02:01,1,387,395,9,LKLSWFKRG,LKLSWFKRG,LKLSWFKRG,1.00E-06,95
MT862855,495,MHC-I,HLA-A*02:01,1,360,368,9,DKEKPVNIE,DKEKPVNIE,DKEKPVNIE,1.00E-06,95
MT862855,495,MHC-I,HLA-A*02:01,1,347,355,9,QNGRLITAN,QNGRLITAN,QNGRLITAN,1.00E-06,95
MT862855,495,MHC-I,HLA-A*02:01,1,341,349,9,DEKGVTQNG,DEKGVTQNG,DEKGVTQNG,1.00E-06,95
MT862855,495,MHC-I,HLA-A*02:01,1,333,341,9,CKIPFSTQD,CKIPFSTQD,CKIPFSTQD,1.00E-06,95
MT862855,495,MHC-I,HLA-A*02:01,1,240,248,9,FKTAHAKKQ,FKTAHAKKQ,FKTAHAKKQ,1.00E-06,95
MT862855,495,MHC-I,HLA-A*02:01,1,224,232,9,ASTSQETWN,ASTSQETWN,ASTSQETWN,1.00E-06,95
MT862855,495,MHC-I,HLA-A*02:01,1,219,227,9,PWTSGASTS,PWTSGASTS,PWTSGASTS,1.00E-06,95
MT862855,495,MHC-I,HLA-A*02:01,1,187,195,9,PRTGLDFNE,PRTGLDFNE,PRTGLDFNE,1.00E-06,95
MT862855,495,MHC-I,HLA-A*02:01,1,184,192,9,DCSPRTGLD,DCSPRTGLD,DCSPRTGLD,1.00E-06,95
MT862855,495,MHC-I,HLA-A*02:01,1,146,154,9,GDQHQVGNE,GDQHQVGNE,GDQHQVGNE,1.00E-06,95
MT862855,495,MHC-I,HLA-A*02:01,1,126,134,9,EGKIVQYEN,EGKIVQYEN,EGKIVQYEN,1.00E-06,95
MT862855,495,MHC-I,HLA-A*02:01,1,119,127,9,FKCVTKLEG,FKCVTKLEG,FKCVTKLEG,1.00E-06,95
MT862855,495,MHC-I,HLA-A*02:01,1,103,111,9,NGCGLFGKG,NGCGLFGKG,NGCGLFGKG,1.00E-06,95
MT862855,495,MHC-I,HLA-A*02:01,1,70,78,9,TDSRCPTQG,TDSRCPTQG,TDSRCPTQG,1.00E-06,95
MT862855,495,MHC-I,HLA-B*44:02,1,217,225,9,PLPWTSGAS,PLPWTSGAS,PLPWTSGAS,0,100
MT862855,495,MHC-I,HLA-A*02:01,1,336,344,9,PFSTQDEKG,PFSTQDEKG,PFSTQDEKG,0,100
MT862855,495,MHC-I,HLA-A*02:01,1,290,298,9,DKLTLKGMS,DKLTLKGMS,DKLTLKGMS,0,100
MT862855,495,MHC-I,HLA-A*02:01,1,98,106,9,DRGWGNGCG,DRGWGNGCG,DRGWGNGCG,0,100
MT862855,495,MHC-I,HLA-A*02:01,1,92,100,9,CRRTFVDRG,CRRTFVDRG,CRRTFVDRG,0,100