accession_code,protein_length,antigen_presenting_protein,allele,seq_num,start,end,length,peptide,core,icore,score,rank
MT872516,239,MHC-I,HLA-A*02:01,1,213,221,9,FLDLPLPWL,FLDLPLPWL,FLDLPLPWL,0.8823,0.04
MT872516,239,MHC-I,HLA-B*44:02,1,12,20,9,VEGVSGGSW,VEGVSGGSW,VEGVSGGSW,0.776427,0.06
MT872516,239,MHC-I,HLA-B*44:02,1,48,56,9,TEAKQPATL,TEAKQPATL,TEAKQPATL,0.65077,0.12
MT872516,239,MHC-I,HLA-A*02:01,1,200,208,9,QMEDKAWLV,QMEDKAWLV,QMEDKAWLV,0.438749,0.32
MT872516,239,MHC-I,HLA-A*02:01,1,206,214,9,WLVHRQWFL,WLVHRQWFL,WLVHRQWFL,0.428694,0.33
MT872516,239,MHC-I,HLA-A*02:01,1,190,198,9,GLDFNEMVL,GLDFNEMVL,GLDFNEMVL,0.343146,0.46
MT872516,239,MHC-I,HLA-B*44:02,1,83,91,9,NEEQDKRFI,NEEQDKRFI,NEEQDKRFI,0.2825,0.37
MT872516,239,MHC-I,HLA-A*02:01,1,33,41,9,TMAKNKPTL,TMAKNKPTL,TMAKNKPTL,0.277221,0.59
MT872516,239,MHC-I,HLA-A*02:01,1,23,31,9,IVLEHGSCV,IVLEHGSCV,IVLEHGSCV,0.207137,0.77
MT872516,239,MHC-I,HLA-A*02:01,1,199,207,9,LQMEDKAWL,LQMEDKAWL,LQMEDKAWL,0.183398,0.87
MT872516,239,MHC-I,HLA-B*44:02,1,183,191,9,MECSPRTGL,MECSPRTGL,MECSPRTGL,0.183284,0.52
MT872516,239,MHC-I,HLA-B*44:02,1,173,181,9,AELTGYGTV,AELTGYGTV,AELTGYGTV,0.121889,0.65
MT872516,239,MHC-I,HLA-A*02:01,1,210,218,9,RQWFLDLPL,RQWFLDLPL,RQWFLDLPL,0.099035,1.4
MT872516,239,MHC-I,HLA-A*02:01,1,106,114,9,GLFGKGGIV,GLFGKGGIV,GLFGKGGIV,0.09515,1.4
MT872516,239,MHC-I,HLA-A*02:01,1,40,48,9,TLDFELIKT,TLDFELIKT,TLDFELIKT,0.088421,1.5
MT872516,239,MHC-I,HLA-B*44:02,1,51,59,9,KQPATLRKY,KQPATLRKY,KQPATLRKY,0.071568,0.88
MT872516,239,MHC-I,HLA-B*44:02,1,204,212,9,KAWLVHRQW,KAWLVHRQW,KAWLVHRQW,0.071561,0.88
MT872516,239,MHC-I,HLA-B*44:02,1,201,209,9,MEDKAWLVH,MEDKAWLVH,MEDKAWLVH,0.06093,0.95
MT872516,239,MHC-I,HLA-B*44:02,1,160,168,9,KEIKITPQS,KEIKITPQS,KEIKITPQS,0.036954,1.4
MT872516,239,MHC-I,HLA-A*02:01,1,197,205,9,VLLQMEDKA,VLLQMEDKA,VLLQMEDKA,0.036938,2.6
MT872516,239,MHC-I,HLA-A*02:01,1,55,63,9,TLRKYCIEA,TLRKYCIEA,TLRKYCIEA,0.035061,2.6
MT872516,239,MHC-I,HLA-B*44:02,1,93,101,9,KHSMVDRGW,KHSMVDRGW,KHSMVDRGW,0.029679,1.5
MT872516,239,MHC-I,HLA-B*44:02,1,223,231,9,GADTQGSNW,GADTQGSNW,GADTQGSNW,0.029463,1.5
MT872516,239,MHC-I,HLA-B*44:02,1,84,92,9,EEQDKRFIC,EEQDKRFIC,EEQDKRFIC,0.022583,1.8
MT872516,239,MHC-I,HLA-A*02:01,1,117,125,9,AMFTCKKNM,AMFTCKKNM,AMFTCKKNM,0.019896,3.5
MT872516,239,MHC-I,HLA-A*02:01,1,130,138,9,VQPENLEYT,VQPENLEYT,VQPENLEYT,0.017916,3.7
MT872516,239,MHC-I,HLA-B*44:02,1,129,137,9,IVQPENLEY,IVQPENLEY,IVQPENLEY,0.0167,2.1
MT872516,239,MHC-I,HLA-B*44:02,1,35,43,9,AKNKPTLDF,AKNKPTLDF,AKNKPTLDF,0.016014,2.1
MT872516,239,MHC-I,HLA-B*44:02,1,135,143,9,LEYTIVITP,LEYTIVITP,LEYTIVITP,0.012012,2.4
MT872516,239,MHC-I,HLA-A*02:01,1,129,137,9,IVQPENLEY,IVQPENLEY,IVQPENLEY,0.010973,4.8
MT872516,239,MHC-I,HLA-A*02:01,1,189,197,9,TGLDFNEMV,TGLDFNEMV,TGLDFNEMV,0.009097,5.2
MT872516,239,MHC-I,HLA-A*02:01,1,64,72,9,KLTNTTTES,KLTNTTTES,KLTNTTTES,0.007902,5.6
MT872516,239,MHC-I,HLA-B*44:02,1,147,155,9,EEHAVGNDT,EEHAVGNDT,EEHAVGNDT,0.007519,3.1
MT872516,239,MHC-I,HLA-B*44:02,1,61,69,9,IEAKLTNTT,IEAKLTNTT,IEAKLTNTT,0.007462,3.1
MT872516,239,MHC-I,HLA-A*02:01,1,124,132,9,NMEGKIVQP,NMEGKIVQP,NMEGKIVQP,0.005332,6.7
MT872516,239,MHC-I,HLA-B*44:02,1,198,206,9,LLQMEDKAW,LLQMEDKAW,LLQMEDKAW,0.005202,3.6
MT872516,239,MHC-I,HLA-B*44:02,1,171,179,9,TEAELTGYG,TEAELTGYG,TEAELTGYG,0.004738,3.8
MT872516,239,MHC-I,HLA-B*44:02,1,212,220,9,WFLDLPLPW,WFLDLPLPW,WFLDLPLPW,0.004438,3.9
MT872516,239,MHC-I,HLA-A*02:01,1,108,116,9,FGKGGIVTC,FGKGGIVTC,FGKGGIVTC,0.004336,7.4
MT872516,239,MHC-I,HLA-A*02:01,1,51,59,9,KQPATLRKY,KQPATLRKY,KQPATLRKY,0.004179,7.5
MT872516,239,MHC-I,HLA-B*44:02,1,199,207,9,LQMEDKAWL,LQMEDKAWL,LQMEDKAWL,0.004139,4.1
MT872516,239,MHC-I,HLA-B*44:02,1,85,93,9,EQDKRFICK,EQDKRFICK,EQDKRFICK,0.004132,4.1
MT872516,239,MHC-I,HLA-A*02:01,1,181,189,9,VTMECSPRT,VTMECSPRT,VTMECSPRT,0.004066,7.6
MT872516,239,MHC-I,HLA-B*44:02,1,70,78,9,TESRCPTQG,TESRCPTQG,TESRCPTQG,0.003984,4.1
MT872516,239,MHC-I,HLA-A*02:01,1,216,224,9,LPLPWLPGA,LPLPWLPGA,LPLPWLPGA,0.003747,7.9
MT872516,239,MHC-I,HLA-B*44:02,1,194,202,9,NEMVLLQME,NEMVLLQME,NEMVLLQME,0.003622,4.3
MT872516,239,MHC-I,HLA-B*44:02,1,43,51,9,FELIKTEAK,FELIKTEAK,FELIKTEAK,0.003126,4.7
MT872516,239,MHC-I,HLA-B*44:02,1,224,232,9,ADTQGSNWI,ADTQGSNWI,ADTQGSNWI,0.003066,4.7
MT872516,239,MHC-I,HLA-A*02:01,1,163,171,9,KITPQSSTT,KITPQSSTT,KITPQSSTT,0.002794,8.9
MT872516,239,MHC-I,HLA-B*44:02,1,132,140,9,PENLEYTIV,PENLEYTIV,PENLEYTIV,0.002699,5
MT872516,239,MHC-I,HLA-B*44:02,1,50,58,9,AKQPATLRK,AKQPATLRK,AKQPATLRK,0.002602,5.1
MT872516,239,MHC-I,HLA-A*02:01,1,81,89,9,SLNEEQDKR,SLNEEQDKR,SLNEEQDKR,0.002535,9.3
MT872516,239,MHC-I,HLA-A*02:01,1,99,107,9,RGWGNGCGL,RGWGNGCGL,RGWGNGCGL,0.002523,9.3
MT872516,239,MHC-I,HLA-A*02:01,1,229,237,9,SNWIQKETL,SNWIQKETL,SNWIQKETL,0.002474,9.4
MT872516,239,MHC-I,HLA-B*44:02,1,26,34,9,EHGSCVTTM,EHGSCVTTM,EHGSCVTTM,0.002433,5.3
MT872516,239,MHC-I,HLA-B*44:02,1,125,133,9,MEGKIVQPE,MEGKIVQPE,MEGKIVQPE,0.002369,5.3
MT872516,239,MHC-I,HLA-A*02:01,1,175,183,9,LTGYGTVTM,LTGYGTVTM,LTGYGTVTM,0.002318,9.6
MT872516,239,MHC-I,HLA-A*02:01,1,134,142,9,NLEYTIVIT,NLEYTIVIT,NLEYTIVIT,0.002285,9.7
MT872516,239,MHC-I,HLA-A*02:01,1,230,238,9,NWIQKETLV,NWIQKETLV,NWIQKETLV,0.002243,9.8
MT872516,239,MHC-I,HLA-A*02:01,1,7,15,9,SNRDFVEGV,SNRDFVEGV,SNRDFVEGV,0.002161,10
MT872516,239,MHC-I,HLA-A*02:01,1,137,145,9,YTIVITPHS,YTIVITPHS,YTIVITPHS,0.002057,11
MT872516,239,MHC-I,HLA-A*02:01,1,167,175,9,QSSTTEAEL,QSSTTEAEL,QSSTTEAEL,0.002003,11
MT872516,239,MHC-I,HLA-B*44:02,1,78,86,9,GEPSLNEEQ,GEPSLNEEQ,GEPSLNEEQ,0.001933,5.9
MT872516,239,MHC-I,HLA-A*02:01,1,48,56,9,TEAKQPATL,TEAKQPATL,TEAKQPATL,0.001823,11
MT872516,239,MHC-I,HLA-B*44:02,1,33,41,9,TMAKNKPTL,TMAKNKPTL,TMAKNKPTL,0.001788,6.1
MT872516,239,MHC-I,HLA-B*44:02,1,229,237,9,SNWIQKETL,SNWIQKETL,SNWIQKETL,0.001744,6.2
MT872516,239,MHC-I,HLA-B*44:02,1,191,199,9,LDFNEMVLL,LDFNEMVLL,LDFNEMVLL,0.001725,6.2
MT872516,239,MHC-I,HLA-A*02:01,1,191,199,9,LDFNEMVLL,LDFNEMVLL,LDFNEMVLL,0.001708,12
MT872516,239,MHC-I,HLA-B*44:02,1,86,94,9,QDKRFICKH,QDKRFICKH,QDKRFICKH,0.001666,6.3
MT872516,239,MHC-I,HLA-B*44:02,1,170,178,9,TTEAELTGY,TTEAELTGY,TTEAELTGY,0.001603,6.5
MT872516,239,MHC-I,HLA-B*44:02,1,82,90,9,LNEEQDKRF,LNEEQDKRF,LNEEQDKRF,0.00143,6.8
MT872516,239,MHC-I,HLA-A*02:01,1,4,12,9,IGISNRDFV,IGISNRDFV,IGISNRDFV,0.00139,13
MT872516,239,MHC-I,HLA-B*44:02,1,25,33,9,LEHGSCVTT,LEHGSCVTT,LEHGSCVTT,0.001343,7
MT872516,239,MHC-I,HLA-B*44:02,1,210,218,9,RQWFLDLPL,RQWFLDLPL,RQWFLDLPL,0.001325,7
MT872516,239,MHC-I,HLA-A*02:01,1,24,32,9,VLEHGSCVT,VLEHGSCVT,VLEHGSCVT,0.001299,13
MT872516,239,MHC-I,HLA-B*44:02,1,156,164,9,GKHGKEIKI,GKHGKEIKI,GKHGKEIKI,0.001277,7.2
MT872516,239,MHC-I,HLA-B*44:02,1,49,57,9,EAKQPATLR,EAKQPATLR,EAKQPATLR,0.001211,7.3
MT872516,239,MHC-I,HLA-A*02:01,1,133,141,9,ENLEYTIVI,ENLEYTIVI,ENLEYTIVI,0.001115,14
MT872516,239,MHC-I,HLA-A*02:01,1,19,27,9,SWVDIVLEH,SWVDIVLEH,SWVDIVLEH,0.001092,14
MT872516,239,MHC-I,HLA-B*44:02,1,19,27,9,SWVDIVLEH,SWVDIVLEH,SWVDIVLEH,0.001036,7.9
MT872516,239,MHC-I,HLA-A*02:01,1,188,196,9,RTGLDFNEM,RTGLDFNEM,RTGLDFNEM,0.001014,14
MT872516,239,MHC-I,HLA-A*02:01,1,17,25,9,GGSWVDIVL,GGSWVDIVL,GGSWVDIVL,0.001006,14
MT872516,239,MHC-I,HLA-B*44:02,1,127,135,9,GKIVQPENL,GKIVQPENL,GKIVQPENL,0.000926,8.2
MT872516,239,MHC-I,HLA-A*02:01,1,198,206,9,LLQMEDKAW,LLQMEDKAW,LLQMEDKAW,0.000892,15
MT872516,239,MHC-I,HLA-B*44:02,1,205,213,9,AWLVHRQWF,AWLVHRQWF,AWLVHRQWF,0.000888,8.4
MT872516,239,MHC-I,HLA-B*44:02,1,202,210,9,EDKAWLVHR,EDKAWLVHR,EDKAWLVHR,0.000845,8.6
MT872516,239,MHC-I,HLA-B*44:02,1,88,96,9,KRFICKHSM,KRFICKHSM,KRFICKHSM,0.000837,8.7
MT872516,239,MHC-I,HLA-B*44:02,1,117,125,9,AMFTCKKNM,AMFTCKKNM,AMFTCKKNM,0.000776,9
MT872516,239,MHC-I,HLA-B*44:02,1,200,208,9,QMEDKAWLV,QMEDKAWLV,QMEDKAWLV,0.000774,9
MT872516,239,MHC-I,HLA-A*02:01,1,183,191,9,MECSPRTGL,MECSPRTGL,MECSPRTGL,0.000757,16
MT872516,239,MHC-I,HLA-A*02:01,1,212,220,9,WFLDLPLPW,WFLDLPLPW,WFLDLPLPW,0.000744,16
MT872516,239,MHC-I,HLA-B*44:02,1,7,15,9,SNRDFVEGV,SNRDFVEGV,SNRDFVEGV,0.000734,9.2
MT872516,239,MHC-I,HLA-B*44:02,1,167,175,9,QSSTTEAEL,QSSTTEAEL,QSSTTEAEL,0.000719,9.3
MT872516,239,MHC-I,HLA-B*44:02,1,226,234,9,TQGSNWIQK,TQGSNWIQK,TQGSNWIQK,0.000688,9.5
MT872516,239,MHC-I,HLA-A*02:01,1,16,24,9,SGGSWVDIV,SGGSWVDIV,SGGSWVDIV,0.000664,17
MT872516,239,MHC-I,HLA-B*44:02,1,154,162,9,DTGKHGKEI,DTGKHGKEI,DTGKHGKEI,0.000643,9.7
MT872516,239,MHC-I,HLA-A*02:01,1,88,96,9,KRFICKHSM,KRFICKHSM,KRFICKHSM,0.000611,17
MT872516,239,MHC-I,HLA-B*44:02,1,133,141,9,ENLEYTIVI,ENLEYTIVI,ENLEYTIVI,0.000607,10
MT872516,239,MHC-I,HLA-A*02:01,1,231,239,9,WIQKETLVT,WIQKETLVT,WIQKETLVT,0.000605,17
MT872516,239,MHC-I,HLA-A*02:01,1,211,219,9,QWFLDLPLP,QWFLDLPLP,QWFLDLPLP,0.000592,18
MT872516,239,MHC-I,HLA-A*02:01,1,76,84,9,TQGEPSLNE,TQGEPSLNE,TQGEPSLNE,0.00059,18
MT872516,239,MHC-I,HLA-B*44:02,1,214,222,9,LDLPLPWLP,LDLPLPWLP,LDLPLPWLP,0.00054,11
MT872516,239,MHC-I,HLA-A*02:01,1,112,120,9,GIVTCAMFT,GIVTCAMFT,GIVTCAMFT,0.000532,18
MT872516,239,MHC-I,HLA-A*02:01,1,226,234,9,TQGSNWIQK,TQGSNWIQK,TQGSNWIQK,0.000531,18
MT872516,239,MHC-I,HLA-A*02:01,1,47,55,9,KTEAKQPAT,KTEAKQPAT,KTEAKQPAT,0.000516,19
MT872516,239,MHC-I,HLA-B*44:02,1,122,130,9,KKNMEGKIV,KKNMEGKIV,KKNMEGKIV,0.000496,11
MT872516,239,MHC-I,HLA-B*44:02,1,74,82,9,CPTQGEPSL,CPTQGEPSL,CPTQGEPSL,0.000493,11
MT872516,239,MHC-I,HLA-A*02:01,1,37,45,9,NKPTLDFEL,NKPTLDFEL,NKPTLDFEL,0.000484,19
MT872516,239,MHC-I,HLA-A*02:01,1,89,97,9,RFICKHSMV,RFICKHSMV,RFICKHSMV,0.000482,19
MT872516,239,MHC-I,HLA-A*02:01,1,60,68,9,CIEAKLTNT,CIEAKLTNT,CIEAKLTNT,0.000478,19
MT872516,239,MHC-I,HLA-B*44:02,1,165,173,9,TPQSSTTEA,TPQSSTTEA,TPQSSTTEA,0.000474,12
MT872516,239,MHC-I,HLA-A*02:01,1,204,212,9,KAWLVHRQW,KAWLVHRQW,KAWLVHRQW,0.000463,19
MT872516,239,MHC-I,HLA-A*02:01,1,74,82,9,CPTQGEPSL,CPTQGEPSL,CPTQGEPSL,0.000463,19
MT872516,239,MHC-I,HLA-A*02:01,1,193,201,9,FNEMVLLQM,FNEMVLLQM,FNEMVLLQM,0.000455,20
MT872516,239,MHC-I,HLA-A*02:01,1,95,103,9,SMVDRGWGN,SMVDRGWGN,SMVDRGWGN,0.000449,20
MT872516,239,MHC-I,HLA-A*02:01,1,113,121,9,IVTCAMFTC,IVTCAMFTC,IVTCAMFTC,0.000445,20
MT872516,239,MHC-I,HLA-B*44:02,1,131,139,9,QPENLEYTI,QPENLEYTI,QPENLEYTI,0.000444,12
MT872516,239,MHC-I,HLA-A*02:01,1,214,222,9,LDLPLPWLP,LDLPLPWLP,LDLPLPWLP,0.000438,20
MT872516,239,MHC-I,HLA-A*02:01,1,173,181,9,AELTGYGTV,AELTGYGTV,AELTGYGTV,0.000414,20
MT872516,239,MHC-I,HLA-B*44:02,1,230,238,9,NWIQKETLV,NWIQKETLV,NWIQKETLV,0.000405,12
MT872516,239,MHC-I,HLA-A*02:01,1,128,136,9,KIVQPENLE,KIVQPENLE,KIVQPENLE,0.000399,21
MT872516,239,MHC-I,HLA-A*02:01,1,57,65,9,RKYCIEAKL,RKYCIEAKL,RKYCIEAKL,0.000399,21
MT872516,239,MHC-I,HLA-A*02:01,1,135,143,9,LEYTIVITP,LEYTIVITP,LEYTIVITP,0.000381,21
MT872516,239,MHC-I,HLA-A*02:01,1,139,147,9,IVITPHSGE,IVITPHSGE,IVITPHSGE,0.000356,21
MT872516,239,MHC-I,HLA-A*02:01,1,85,93,9,EQDKRFICK,EQDKRFICK,EQDKRFICK,0.000352,22
MT872516,239,MHC-I,HLA-A*02:01,1,127,135,9,GKIVQPENL,GKIVQPENL,GKIVQPENL,0.000345,22
MT872516,239,MHC-I,HLA-A*02:01,1,50,58,9,AKQPATLRK,AKQPATLRK,AKQPATLRK,0.000345,22
MT872516,239,MHC-I,HLA-B*44:02,1,41,49,9,LDFELIKTE,LDFELIKTE,LDFELIKTE,0.000344,13
MT872516,239,MHC-I,HLA-B*44:02,1,38,46,9,KPTLDFELI,KPTLDFELI,KPTLDFELI,0.000334,13
MT872516,239,MHC-I,HLA-A*02:01,1,38,46,9,KPTLDFELI,KPTLDFELI,KPTLDFELI,0.000334,22
MT872516,239,MHC-I,HLA-A*02:01,1,15,23,9,VSGGSWVDI,VSGGSWVDI,VSGGSWVDI,0.000317,22
MT872516,239,MHC-I,HLA-A*02:01,1,174,182,9,ELTGYGTVT,ELTGYGTVT,ELTGYGTVT,0.000314,22
MT872516,239,MHC-I,HLA-A*02:01,1,177,185,9,GYGTVTMEC,GYGTVTMEC,GYGTVTMEC,0.000292,23
MT872516,239,MHC-I,HLA-B*44:02,1,57,65,9,RKYCIEAKL,RKYCIEAKL,RKYCIEAKL,0.000288,14
MT872516,239,MHC-I,HLA-B*44:02,1,23,31,9,IVLEHGSCV,IVLEHGSCV,IVLEHGSCV,0.000279,15
MT872516,239,MHC-I,HLA-A*02:01,1,131,139,9,QPENLEYTI,QPENLEYTI,QPENLEYTI,0.000278,23
MT872516,239,MHC-I,HLA-A*02:01,1,223,231,9,GADTQGSNW,GADTQGSNW,GADTQGSNW,0.000271,24
MT872516,239,MHC-I,HLA-A*02:01,1,165,173,9,TPQSSTTEA,TPQSSTTEA,TPQSSTTEA,0.000263,24
MT872516,239,MHC-I,HLA-A*02:01,1,170,178,9,TTEAELTGY,TTEAELTGY,TTEAELTGY,0.000256,24
MT872516,239,MHC-I,HLA-A*02:01,1,164,172,9,ITPQSSTTE,ITPQSSTTE,ITPQSSTTE,0.000254,24
MT872516,239,MHC-I,HLA-B*44:02,1,152,160,9,GNDTGKHGK,GNDTGKHGK,GNDTGKHGK,0.000251,15
MT872516,239,MHC-I,HLA-A*02:01,1,65,73,9,LTNTTTESR,LTNTTTESR,LTNTTTESR,0.000248,25
MT872516,239,MHC-I,HLA-B*44:02,1,63,71,9,AKLTNTTTE,AKLTNTTTE,AKLTNTTTE,0.000246,15
MT872516,239,MHC-I,HLA-B*44:02,1,37,45,9,NKPTLDFEL,NKPTLDFEL,NKPTLDFEL,0.000231,16
MT872516,239,MHC-I,HLA-A*02:01,1,11,19,9,FVEGVSGGS,FVEGVSGGS,FVEGVSGGS,0.000231,25
MT872516,239,MHC-I,HLA-B*44:02,1,142,150,9,TPHSGEEHA,TPHSGEEHA,TPHSGEEHA,0.000226,16
MT872516,239,MHC-I,HLA-B*44:02,1,136,144,9,EYTIVITPH,EYTIVITPH,EYTIVITPH,0.000224,16
MT872516,239,MHC-I,HLA-B*44:02,1,203,211,9,DKAWLVHRQ,DKAWLVHRQ,DKAWLVHRQ,0.000222,16
MT872516,239,MHC-I,HLA-B*44:02,1,158,166,9,HGKEIKITP,HGKEIKITP,HGKEIKITP,0.000212,16
MT872516,239,MHC-I,HLA-A*02:01,1,160,168,9,KEIKITPQS,KEIKITPQS,KEIKITPQS,0.000201,26
MT872516,239,MHC-I,HLA-B*44:02,1,9,17,9,RDFVEGVSG,RDFVEGVSG,RDFVEGVSG,0.000197,17
MT872516,239,MHC-I,HLA-A*02:01,1,32,40,9,TTMAKNKPT,TTMAKNKPT,TTMAKNKPT,0.000193,27
MT872516,239,MHC-I,HLA-A*02:01,1,44,52,9,ELIKTEAKQ,ELIKTEAKQ,ELIKTEAKQ,0.000191,27
MT872516,239,MHC-I,HLA-A*02:01,1,42,50,9,DFELIKTEA,DFELIKTEA,DFELIKTEA,0.000189,27
MT872516,239,MHC-I,HLA-B*44:02,1,81,89,9,SLNEEQDKR,SLNEEQDKR,SLNEEQDKR,0.000179,18
MT872516,239,MHC-I,HLA-A*02:01,1,158,166,9,HGKEIKITP,HGKEIKITP,HGKEIKITP,0.000178,28
MT872516,239,MHC-I,HLA-A*02:01,1,45,53,9,LIKTEAKQP,LIKTEAKQP,LIKTEAKQP,0.000176,28
MT872516,239,MHC-I,HLA-A*02:01,1,140,148,9,VITPHSGEE,VITPHSGEE,VITPHSGEE,0.000163,29
MT872516,239,MHC-I,HLA-A*02:01,1,176,184,9,TGYGTVTME,TGYGTVTME,TGYGTVTME,0.000159,29
MT872516,239,MHC-I,HLA-B*44:02,1,188,196,9,RTGLDFNEM,RTGLDFNEM,RTGLDFNEM,0.000158,19
MT872516,239,MHC-I,HLA-A*02:01,1,39,47,9,PTLDFELIK,PTLDFELIK,PTLDFELIK,0.000158,29
MT872516,239,MHC-I,HLA-A*02:01,1,18,26,9,GSWVDIVLE,GSWVDIVLE,GSWVDIVLE,0.000158,29
MT872516,239,MHC-I,HLA-B*44:02,1,76,84,9,TQGEPSLNE,TQGEPSLNE,TQGEPSLNE,0.000155,19
MT872516,239,MHC-I,HLA-B*44:02,1,52,60,9,QPATLRKYC,QPATLRKYC,QPATLRKYC,0.000153,19
MT872516,239,MHC-I,HLA-A*02:01,1,220,228,9,WLPGADTQG,WLPGADTQG,WLPGADTQG,0.000146,30
MT872516,239,MHC-I,HLA-A*02:01,1,228,236,9,GSNWIQKET,GSNWIQKET,GSNWIQKET,0.000142,30
MT872516,239,MHC-I,HLA-A*02:01,1,156,164,9,GKHGKEIKI,GKHGKEIKI,GKHGKEIKI,0.00014,30
MT872516,239,MHC-I,HLA-A*02:01,1,93,101,9,KHSMVDRGW,KHSMVDRGW,KHSMVDRGW,0.000139,30
MT872516,239,MHC-I,HLA-A*02:01,1,43,51,9,FELIKTEAK,FELIKTEAK,FELIKTEAK,0.000138,30
MT872516,239,MHC-I,HLA-B*44:02,1,44,52,9,ELIKTEAKQ,ELIKTEAKQ,ELIKTEAKQ,0.000136,20
MT872516,239,MHC-I,HLA-A*02:01,1,49,57,9,EAKQPATLR,EAKQPATLR,EAKQPATLR,0.000135,31
MT872516,239,MHC-I,HLA-B*44:02,1,62,70,9,EAKLTNTTT,EAKLTNTTT,EAKLTNTTT,0.000133,20
MT872516,239,MHC-I,HLA-A*02:01,1,13,21,9,EGVSGGSWV,EGVSGGSWV,EGVSGGSWV,0.000133,31
MT872516,239,MHC-I,HLA-A*02:01,1,138,146,9,TIVITPHSG,TIVITPHSG,TIVITPHSG,0.00013,31
MT872516,239,MHC-I,HLA-A*02:01,1,141,149,9,ITPHSGEEH,ITPHSGEEH,ITPHSGEEH,0.000129,31
MT872516,239,MHC-I,HLA-A*02:01,1,27,35,9,HGSCVTTMA,HGSCVTTMA,HGSCVTTMA,0.000127,31
MT872516,239,MHC-I,HLA-A*02:01,1,26,34,9,EHGSCVTTM,EHGSCVTTM,EHGSCVTTM,0.000121,32
MT872516,239,MHC-I,HLA-B*44:02,1,100,108,9,GWGNGCGLF,GWGNGCGLF,GWGNGCGLF,0.000119,21
MT872516,239,MHC-I,HLA-A*02:01,1,149,157,9,HAVGNDTGK,HAVGNDTGK,HAVGNDTGK,0.000118,32
MT872516,239,MHC-I,HLA-B*44:02,1,150,158,9,AVGNDTGKH,AVGNDTGKH,AVGNDTGKH,0.000116,21
MT872516,239,MHC-I,HLA-B*44:02,1,130,138,9,VQPENLEYT,VQPENLEYT,VQPENLEYT,0.000114,21
MT872516,239,MHC-I,HLA-B*44:02,1,193,201,9,FNEMVLLQM,FNEMVLLQM,FNEMVLLQM,0.000113,22
MT872516,239,MHC-I,HLA-A*02:01,1,224,232,9,ADTQGSNWI,ADTQGSNWI,ADTQGSNWI,0.000109,33
MT872516,239,MHC-I,HLA-A*02:01,1,208,216,9,VHRQWFLDL,VHRQWFLDL,VHRQWFLDL,0.000106,33
MT872516,239,MHC-I,HLA-A*02:01,1,35,43,9,AKNKPTLDF,AKNKPTLDF,AKNKPTLDF,0.000106,33
MT872516,239,MHC-I,HLA-B*44:02,1,216,224,9,LPLPWLPGA,LPLPWLPGA,LPLPWLPGA,0.000105,22
MT872516,239,MHC-I,HLA-B*44:02,1,157,165,9,KHGKEIKIT,KHGKEIKIT,KHGKEIKIT,0.000105,22
MT872516,239,MHC-I,HLA-B*44:02,1,65,73,9,LTNTTTESR,LTNTTTESR,LTNTTTESR,0.000104,22
MT872516,239,MHC-I,HLA-B*44:02,1,213,221,9,FLDLPLPWL,FLDLPLPWL,FLDLPLPWL,9.80E-05,23
MT872516,239,MHC-I,HLA-B*44:02,1,208,216,9,VHRQWFLDL,VHRQWFLDL,VHRQWFLDL,9.80E-05,23
MT872516,239,MHC-I,HLA-A*02:01,1,154,162,9,DTGKHGKEI,DTGKHGKEI,DTGKHGKEI,9.80E-05,34
MT872516,239,MHC-I,HLA-A*02:01,1,196,204,9,MVLLQMEDK,MVLLQMEDK,MVLLQMEDK,9.70E-05,34
MT872516,239,MHC-I,HLA-B*44:02,1,192,200,9,DFNEMVLLQ,DFNEMVLLQ,DFNEMVLLQ,9.60E-05,23
MT872516,239,MHC-I,HLA-B*44:02,1,189,197,9,TGLDFNEMV,TGLDFNEMV,TGLDFNEMV,9.00E-05,24
MT872516,239,MHC-I,HLA-B*44:02,1,123,131,9,KNMEGKIVQ,KNMEGKIVQ,KNMEGKIVQ,8.90E-05,24
MT872516,239,MHC-I,HLA-B*44:02,1,72,80,9,SRCPTQGEP,SRCPTQGEP,SRCPTQGEP,8.90E-05,24
MT872516,239,MHC-I,HLA-B*44:02,1,190,198,9,GLDFNEMVL,GLDFNEMVL,GLDFNEMVL,8.80E-05,24
MT872516,239,MHC-I,HLA-B*44:02,1,143,151,9,PHSGEEHAV,PHSGEEHAV,PHSGEEHAV,8.70E-05,24
MT872516,239,MHC-I,HLA-B*44:02,1,13,21,9,EGVSGGSWV,EGVSGGSWV,EGVSGGSWV,8.60E-05,24
MT872516,239,MHC-I,HLA-B*44:02,1,162,170,9,IKITPQSST,IKITPQSST,IKITPQSST,8.50E-05,24
MT872516,239,MHC-I,HLA-A*02:01,1,201,209,9,MEDKAWLVH,MEDKAWLVH,MEDKAWLVH,8.50E-05,36
MT872516,239,MHC-I,HLA-B*44:02,1,124,132,9,NMEGKIVQP,NMEGKIVQP,NMEGKIVQP,8.20E-05,25
MT872516,239,MHC-I,HLA-B*44:02,1,206,214,9,WLVHRQWFL,WLVHRQWFL,WLVHRQWFL,7.90E-05,25
MT872516,239,MHC-I,HLA-A*02:01,1,68,76,9,TTTESRCPT,TTTESRCPT,TTTESRCPT,7.90E-05,37
MT872516,239,MHC-I,HLA-A*02:01,1,142,150,9,TPHSGEEHA,TPHSGEEHA,TPHSGEEHA,7.80E-05,37
MT872516,239,MHC-I,HLA-A*02:01,1,107,115,9,LFGKGGIVT,LFGKGGIVT,LFGKGGIVT,7.70E-05,37
MT872516,239,MHC-I,HLA-B*44:02,1,111,119,9,GGIVTCAMF,GGIVTCAMF,GGIVTCAMF,7.50E-05,26
MT872516,239,MHC-I,HLA-A*02:01,1,20,28,9,WVDIVLEHG,WVDIVLEHG,WVDIVLEHG,7.50E-05,37
MT872516,239,MHC-I,HLA-B*44:02,1,185,193,9,CSPRTGLDF,CSPRTGLDF,CSPRTGLDF,7.30E-05,26
MT872516,239,MHC-I,HLA-B*44:02,1,146,154,9,GEEHAVGND,GEEHAVGND,GEEHAVGND,7.30E-05,26
MT872516,239,MHC-I,HLA-B*44:02,1,175,183,9,LTGYGTVTM,LTGYGTVTM,LTGYGTVTM,7.20E-05,26
MT872516,239,MHC-I,HLA-B*44:02,1,99,107,9,RGWGNGCGL,RGWGNGCGL,RGWGNGCGL,7.20E-05,26
MT872516,239,MHC-I,HLA-A*02:01,1,61,69,9,IEAKLTNTT,IEAKLTNTT,IEAKLTNTT,7.20E-05,38
MT872516,239,MHC-I,HLA-B*44:02,1,228,236,9,GSNWIQKET,GSNWIQKET,GSNWIQKET,7.10E-05,26
MT872516,239,MHC-I,HLA-B*44:02,1,109,117,9,GKGGIVTCA,GKGGIVTCA,GKGGIVTCA,6.80E-05,27
MT872516,239,MHC-I,HLA-A*02:01,1,5,13,9,GISNRDFVE,GISNRDFVE,GISNRDFVE,6.70E-05,39
MT872516,239,MHC-I,HLA-B*44:02,1,42,50,9,DFELIKTEA,DFELIKTEA,DFELIKTEA,6.50E-05,27
MT872516,239,MHC-I,HLA-A*02:01,1,161,169,9,EIKITPQSS,EIKITPQSS,EIKITPQSS,6.50E-05,39
MT872516,239,MHC-I,HLA-B*44:02,1,149,157,9,HAVGNDTGK,HAVGNDTGK,HAVGNDTGK,6.40E-05,28
MT872516,239,MHC-I,HLA-B*44:02,1,97,105,9,VDRGWGNGC,VDRGWGNGC,VDRGWGNGC,6.40E-05,28
MT872516,239,MHC-I,HLA-A*02:01,1,180,188,9,TVTMECSPR,TVTMECSPR,TVTMECSPR,6.40E-05,39
MT872516,239,MHC-I,HLA-B*44:02,1,141,149,9,ITPHSGEEH,ITPHSGEEH,ITPHSGEEH,6.20E-05,28
MT872516,239,MHC-I,HLA-A*02:01,1,168,176,9,SSTTEAELT,SSTTEAELT,SSTTEAELT,6.10E-05,40
MT872516,239,MHC-I,HLA-A*02:01,1,109,117,9,GKGGIVTCA,GKGGIVTCA,GKGGIVTCA,6.00E-05,40
MT872516,239,MHC-I,HLA-A*02:01,1,185,193,9,CSPRTGLDF,CSPRTGLDF,CSPRTGLDF,5.80E-05,41
MT872516,239,MHC-I,HLA-A*02:01,1,41,49,9,LDFELIKTE,LDFELIKTE,LDFELIKTE,5.80E-05,41
MT872516,239,MHC-I,HLA-B*44:02,1,163,171,9,KITPQSSTT,KITPQSSTT,KITPQSSTT,5.70E-05,29
MT872516,239,MHC-I,HLA-A*02:01,1,169,177,9,STTEAELTG,STTEAELTG,STTEAELTG,5.70E-05,41
MT872516,239,MHC-I,HLA-B*44:02,1,161,169,9,EIKITPQSS,EIKITPQSS,EIKITPQSS,5.60E-05,29
MT872516,239,MHC-I,HLA-B*44:02,1,89,97,9,RFICKHSMV,RFICKHSMV,RFICKHSMV,5.60E-05,29
MT872516,239,MHC-I,HLA-A*02:01,1,119,127,9,FTCKKNMEG,FTCKKNMEG,FTCKKNMEG,5.60E-05,41
MT872516,239,MHC-I,HLA-A*02:01,1,215,223,9,DLPLPWLPG,DLPLPWLPG,DLPLPWLPG,5.50E-05,41
MT872516,239,MHC-I,HLA-A*02:01,1,143,151,9,PHSGEEHAV,PHSGEEHAV,PHSGEEHAV,5.50E-05,41
MT872516,239,MHC-I,HLA-A*02:01,1,82,90,9,LNEEQDKRF,LNEEQDKRF,LNEEQDKRF,5.50E-05,41
MT872516,239,MHC-I,HLA-A*02:01,1,1,9,9,MRCIGISNR,MRCIGISNR,MRCIGISNR,5.40E-05,41
MT872516,239,MHC-I,HLA-B*44:02,1,21,29,9,VDIVLEHGS,VDIVLEHGS,VDIVLEHGS,5.20E-05,30
MT872516,239,MHC-I,HLA-A*02:01,1,110,118,9,KGGIVTCAM,KGGIVTCAM,KGGIVTCAM,5.20E-05,42
MT872516,239,MHC-I,HLA-B*44:02,1,1,9,9,MRCIGISNR,MRCIGISNR,MRCIGISNR,5.10E-05,30
MT872516,239,MHC-I,HLA-A*02:01,1,62,70,9,EAKLTNTTT,EAKLTNTTT,EAKLTNTTT,5.00E-05,42
MT872516,239,MHC-I,HLA-B*44:02,1,106,114,9,GLFGKGGIV,GLFGKGGIV,GLFGKGGIV,4.90E-05,31
MT872516,239,MHC-I,HLA-B*44:02,1,47,55,9,KTEAKQPAT,KTEAKQPAT,KTEAKQPAT,4.90E-05,31
MT872516,239,MHC-I,HLA-A*02:01,1,31,39,9,VTTMAKNKP,VTTMAKNKP,VTTMAKNKP,4.80E-05,43
MT872516,239,MHC-I,HLA-B*44:02,1,4,12,9,IGISNRDFV,IGISNRDFV,IGISNRDFV,4.70E-05,31
MT872516,239,MHC-I,HLA-A*02:01,1,162,170,9,IKITPQSST,IKITPQSST,IKITPQSST,4.70E-05,43
MT872516,239,MHC-I,HLA-A*02:01,1,22,30,9,DIVLEHGSC,DIVLEHGSC,DIVLEHGSC,4.70E-05,43
MT872516,239,MHC-I,HLA-A*02:01,1,14,22,9,GVSGGSWVD,GVSGGSWVD,GVSGGSWVD,4.70E-05,43
MT872516,239,MHC-I,HLA-B*44:02,1,126,134,9,EGKIVQPEN,EGKIVQPEN,EGKIVQPEN,4.60E-05,31
MT872516,239,MHC-I,HLA-B*44:02,1,3,11,9,CIGISNRDF,CIGISNRDF,CIGISNRDF,4.60E-05,31
MT872516,239,MHC-I,HLA-A*02:01,1,179,187,9,GTVTMECSP,GTVTMECSP,GTVTMECSP,4.60E-05,44
MT872516,239,MHC-I,HLA-A*02:01,1,123,131,9,KNMEGKIVQ,KNMEGKIVQ,KNMEGKIVQ,4.60E-05,44
MT872516,239,MHC-I,HLA-A*02:01,1,28,36,9,GSCVTTMAK,GSCVTTMAK,GSCVTTMAK,4.50E-05,44
MT872516,239,MHC-I,HLA-A*02:01,1,218,226,9,LPWLPGADT,LPWLPGADT,LPWLPGADT,4.30E-05,44
MT872516,239,MHC-I,HLA-A*02:01,1,115,123,9,TCAMFTCKK,TCAMFTCKK,TCAMFTCKK,4.30E-05,44
MT872516,239,MHC-I,HLA-B*44:02,1,151,159,9,VGNDTGKHG,VGNDTGKHG,VGNDTGKHG,4.20E-05,33
MT872516,239,MHC-I,HLA-B*44:02,1,137,145,9,YTIVITPHS,YTIVITPHS,YTIVITPHS,4.20E-05,33
MT872516,239,MHC-I,HLA-A*02:01,1,150,158,9,AVGNDTGKH,AVGNDTGKH,AVGNDTGKH,4.20E-05,45
MT872516,239,MHC-I,HLA-A*02:01,1,91,99,9,ICKHSMVDR,ICKHSMVDR,ICKHSMVDR,4.20E-05,45
MT872516,239,MHC-I,HLA-B*44:02,1,27,35,9,HGSCVTTMA,HGSCVTTMA,HGSCVTTMA,4.10E-05,33
MT872516,239,MHC-I,HLA-B*44:02,1,32,40,9,TTMAKNKPT,TTMAKNKPT,TTMAKNKPT,4.00E-05,33
MT872516,239,MHC-I,HLA-A*02:01,1,152,160,9,GNDTGKHGK,GNDTGKHGK,GNDTGKHGK,3.90E-05,46
MT872516,239,MHC-I,HLA-B*44:02,1,181,189,9,VTMECSPRT,VTMECSPRT,VTMECSPRT,3.80E-05,34
MT872516,239,MHC-I,HLA-B*44:02,1,155,163,9,TGKHGKEIK,TGKHGKEIK,TGKHGKEIK,3.80E-05,34
MT872516,239,MHC-I,HLA-A*02:01,1,227,235,9,QGSNWIQKE,QGSNWIQKE,QGSNWIQKE,3.80E-05,46
MT872516,239,MHC-I,HLA-B*44:02,1,153,161,9,NDTGKHGKE,NDTGKHGKE,NDTGKHGKE,3.70E-05,34
MT872516,239,MHC-I,HLA-B*44:02,1,39,47,9,PTLDFELIK,PTLDFELIK,PTLDFELIK,3.70E-05,34
MT872516,239,MHC-I,HLA-B*44:02,1,28,36,9,GSCVTTMAK,GSCVTTMAK,GSCVTTMAK,3.70E-05,34
MT872516,239,MHC-I,HLA-A*02:01,1,111,119,9,GGIVTCAMF,GGIVTCAMF,GGIVTCAMF,3.70E-05,47
MT872516,239,MHC-I,HLA-B*44:02,1,46,54,9,IKTEAKQPA,IKTEAKQPA,IKTEAKQPA,3.50E-05,35
MT872516,239,MHC-I,HLA-B*44:02,1,40,48,9,TLDFELIKT,TLDFELIKT,TLDFELIKT,3.50E-05,35
MT872516,239,MHC-I,HLA-A*02:01,1,59,67,9,YCIEAKLTN,YCIEAKLTN,YCIEAKLTN,3.50E-05,47
MT872516,239,MHC-I,HLA-B*44:02,1,227,235,9,QGSNWIQKE,QGSNWIQKE,QGSNWIQKE,3.40E-05,35
MT872516,239,MHC-I,HLA-B*44:02,1,211,219,9,QWFLDLPLP,QWFLDLPLP,QWFLDLPLP,3.40E-05,35
MT872516,239,MHC-I,HLA-B*44:02,1,169,177,9,STTEAELTG,STTEAELTG,STTEAELTG,3.30E-05,36
MT872516,239,MHC-I,HLA-B*44:02,1,148,156,9,EHAVGNDTG,EHAVGNDTG,EHAVGNDTG,3.30E-05,36
MT872516,239,MHC-I,HLA-A*02:01,1,114,122,9,VTCAMFTCK,VTCAMFTCK,VTCAMFTCK,3.30E-05,48
MT872516,239,MHC-I,HLA-B*44:02,1,77,85,9,QGEPSLNEE,QGEPSLNEE,QGEPSLNEE,3.20E-05,36
MT872516,239,MHC-I,HLA-A*02:01,1,90,98,9,FICKHSMVD,FICKHSMVD,FICKHSMVD,3.20E-05,49
MT872516,239,MHC-I,HLA-A*02:01,1,83,91,9,NEEQDKRFI,NEEQDKRFI,NEEQDKRFI,3.20E-05,49
MT872516,239,MHC-I,HLA-B*44:02,1,209,217,9,HRQWFLDLP,HRQWFLDLP,HRQWFLDLP,3.10E-05,37
MT872516,239,MHC-I,HLA-A*02:01,1,25,33,9,LEHGSCVTT,LEHGSCVTT,LEHGSCVTT,3.10E-05,49
MT872516,239,MHC-I,HLA-B*44:02,1,115,123,9,TCAMFTCKK,TCAMFTCKK,TCAMFTCKK,3.00E-05,37
MT872516,239,MHC-I,HLA-B*44:02,1,36,44,9,KNKPTLDFE,KNKPTLDFE,KNKPTLDFE,3.00E-05,37
MT872516,239,MHC-I,HLA-A*02:01,1,166,174,9,PQSSTTEAE,PQSSTTEAE,PQSSTTEAE,3.00E-05,49
MT872516,239,MHC-I,HLA-A*02:01,1,105,113,9,CGLFGKGGI,CGLFGKGGI,CGLFGKGGI,3.00E-05,49
MT872516,239,MHC-I,HLA-B*44:02,1,80,88,9,PSLNEEQDK,PSLNEEQDK,PSLNEEQDK,2.90E-05,38
MT872516,239,MHC-I,HLA-A*02:01,1,69,77,9,TTESRCPTQ,TTESRCPTQ,TTESRCPTQ,2.90E-05,50
MT872516,239,MHC-I,HLA-A*02:01,1,46,54,9,IKTEAKQPA,IKTEAKQPA,IKTEAKQPA,2.90E-05,50
MT872516,239,MHC-I,HLA-B*44:02,1,138,146,9,TIVITPHSG,TIVITPHSG,TIVITPHSG,2.80E-05,38
MT872516,239,MHC-I,HLA-A*02:01,1,120,128,9,TCKKNMEGK,TCKKNMEGK,TCKKNMEGK,2.80E-05,50
MT872516,239,MHC-I,HLA-B*44:02,1,59,67,9,YCIEAKLTN,YCIEAKLTN,YCIEAKLTN,2.70E-05,39
MT872516,239,MHC-I,HLA-B*44:02,1,45,53,9,LIKTEAKQP,LIKTEAKQP,LIKTEAKQP,2.70E-05,39
MT872516,239,MHC-I,HLA-A*02:01,1,202,210,9,EDKAWLVHR,EDKAWLVHR,EDKAWLVHR,2.70E-05,51
MT872516,239,MHC-I,HLA-A*02:01,1,192,200,9,DFNEMVLLQ,DFNEMVLLQ,DFNEMVLLQ,2.70E-05,51
MT872516,239,MHC-I,HLA-B*44:02,1,179,187,9,GTVTMECSP,GTVTMECSP,GTVTMECSP,2.60E-05,39
MT872516,239,MHC-I,HLA-B*44:02,1,120,128,9,TCKKNMEGK,TCKKNMEGK,TCKKNMEGK,2.60E-05,39
MT872516,239,MHC-I,HLA-A*02:01,1,205,213,9,AWLVHRQWF,AWLVHRQWF,AWLVHRQWF,2.60E-05,51
MT872516,239,MHC-I,HLA-B*44:02,1,168,176,9,SSTTEAELT,SSTTEAELT,SSTTEAELT,2.50E-05,40
MT872516,239,MHC-I,HLA-B*44:02,1,108,116,9,FGKGGIVTC,FGKGGIVTC,FGKGGIVTC,2.50E-05,40
MT872516,239,MHC-I,HLA-B*44:02,1,71,79,9,ESRCPTQGE,ESRCPTQGE,ESRCPTQGE,2.50E-05,40
MT872516,239,MHC-I,HLA-B*44:02,1,197,205,9,VLLQMEDKA,VLLQMEDKA,VLLQMEDKA,2.40E-05,40
MT872516,239,MHC-I,HLA-B*44:02,1,172,180,9,EAELTGYGT,EAELTGYGT,EAELTGYGT,2.40E-05,40
MT872516,239,MHC-I,HLA-B*44:02,1,95,103,9,SMVDRGWGN,SMVDRGWGN,SMVDRGWGN,2.40E-05,40
MT872516,239,MHC-I,HLA-A*02:01,1,195,203,9,EMVLLQMED,EMVLLQMED,EMVLLQMED,2.40E-05,53
MT872516,239,MHC-I,HLA-A*02:01,1,182,190,9,TMECSPRTG,TMECSPRTG,TMECSPRTG,2.40E-05,53
MT872516,239,MHC-I,HLA-A*02:01,1,67,75,9,NTTTESRCP,NTTTESRCP,NTTTESRCP,2.40E-05,53
MT872516,239,MHC-I,HLA-B*44:02,1,176,184,9,TGYGTVTME,TGYGTVTME,TGYGTVTME,2.30E-05,41
MT872516,239,MHC-I,HLA-B*44:02,1,139,147,9,IVITPHSGE,IVITPHSGE,IVITPHSGE,2.30E-05,41
MT872516,239,MHC-I,HLA-B*44:02,1,69,77,9,TTESRCPTQ,TTESRCPTQ,TTESRCPTQ,2.30E-05,41
MT872516,239,MHC-I,HLA-A*02:01,1,96,104,9,MVDRGWGNG,MVDRGWGNG,MVDRGWGNG,2.30E-05,53
MT872516,239,MHC-I,HLA-B*44:02,1,79,87,9,EPSLNEEQD,EPSLNEEQD,EPSLNEEQD,2.20E-05,42
MT872516,239,MHC-I,HLA-A*02:01,1,84,92,9,EEQDKRFIC,EEQDKRFIC,EEQDKRFIC,2.20E-05,54
MT872516,239,MHC-I,HLA-A*02:01,1,3,11,9,CIGISNRDF,CIGISNRDF,CIGISNRDF,2.20E-05,54
MT872516,239,MHC-I,HLA-B*44:02,1,31,39,9,VTTMAKNKP,VTTMAKNKP,VTTMAKNKP,2.10E-05,43
MT872516,239,MHC-I,HLA-A*02:01,1,136,144,9,EYTIVITPH,EYTIVITPH,EYTIVITPH,2.10E-05,55
MT872516,239,MHC-I,HLA-B*44:02,1,225,233,9,DTQGSNWIQ,DTQGSNWIQ,DTQGSNWIQ,2.00E-05,43
MT872516,239,MHC-I,HLA-B*44:02,1,67,75,9,NTTTESRCP,NTTTESRCP,NTTTESRCP,2.00E-05,43
MT872516,239,MHC-I,HLA-B*44:02,1,66,74,9,TNTTTESRC,TNTTTESRC,TNTTTESRC,2.00E-05,43
MT872516,239,MHC-I,HLA-B*44:02,1,10,18,9,DFVEGVSGG,DFVEGVSGG,DFVEGVSGG,2.00E-05,43
MT872516,239,MHC-I,HLA-A*02:01,1,97,105,9,VDRGWGNGC,VDRGWGNGC,VDRGWGNGC,2.00E-05,55
MT872516,239,MHC-I,HLA-A*02:01,1,56,64,9,LRKYCIEAK,LRKYCIEAK,LRKYCIEAK,1.90E-05,56
MT872516,239,MHC-I,HLA-A*02:01,1,54,62,9,ATLRKYCIE,ATLRKYCIE,ATLRKYCIE,1.90E-05,56
MT872516,239,MHC-I,HLA-A*02:01,1,30,38,9,CVTTMAKNK,CVTTMAKNK,CVTTMAKNK,1.90E-05,56
MT872516,239,MHC-I,HLA-A*02:01,1,6,14,9,ISNRDFVEG,ISNRDFVEG,ISNRDFVEG,1.90E-05,56
MT872516,239,MHC-I,HLA-B*44:02,1,182,190,9,TMECSPRTG,TMECSPRTG,TMECSPRTG,1.80E-05,45
MT872516,239,MHC-I,HLA-B*44:02,1,174,182,9,ELTGYGTVT,ELTGYGTVT,ELTGYGTVT,1.80E-05,45
MT872516,239,MHC-I,HLA-B*44:02,1,128,136,9,KIVQPENLE,KIVQPENLE,KIVQPENLE,1.80E-05,45
MT872516,239,MHC-I,HLA-B*44:02,1,55,63,9,TLRKYCIEA,TLRKYCIEA,TLRKYCIEA,1.80E-05,45
MT872516,239,MHC-I,HLA-B*44:02,1,15,23,9,VSGGSWVDI,VSGGSWVDI,VSGGSWVDI,1.80E-05,45
MT872516,239,MHC-I,HLA-A*02:01,1,122,130,9,KKNMEGKIV,KKNMEGKIV,KKNMEGKIV,1.70E-05,58
MT872516,239,MHC-I,HLA-B*44:02,1,56,64,9,LRKYCIEAK,LRKYCIEAK,LRKYCIEAK,1.60E-05,47
MT872516,239,MHC-I,HLA-B*44:02,1,17,25,9,GGSWVDIVL,GGSWVDIVL,GGSWVDIVL,1.60E-05,47
MT872516,239,MHC-I,HLA-A*02:01,1,155,163,9,TGKHGKEIK,TGKHGKEIK,TGKHGKEIK,1.60E-05,59
MT872516,239,MHC-I,HLA-A*02:01,1,63,71,9,AKLTNTTTE,AKLTNTTTE,AKLTNTTTE,1.60E-05,59
MT872516,239,MHC-I,HLA-A*02:01,1,52,60,9,QPATLRKYC,QPATLRKYC,QPATLRKYC,1.60E-05,59
MT872516,239,MHC-I,HLA-A*02:01,1,9,17,9,RDFVEGVSG,RDFVEGVSG,RDFVEGVSG,1.60E-05,59
MT872516,239,MHC-I,HLA-B*44:02,1,196,204,9,MVLLQMEDK,MVLLQMEDK,MVLLQMEDK,1.50E-05,48
MT872516,239,MHC-I,HLA-B*44:02,1,64,72,9,KLTNTTTES,KLTNTTTES,KLTNTTTES,1.50E-05,48
MT872516,239,MHC-I,HLA-B*44:02,1,177,185,9,GYGTVTMEC,GYGTVTMEC,GYGTVTMEC,1.40E-05,49
MT872516,239,MHC-I,HLA-A*02:01,1,172,180,9,EAELTGYGT,EAELTGYGT,EAELTGYGT,1.40E-05,61
MT872516,239,MHC-I,HLA-A*02:01,1,77,85,9,QGEPSLNEE,QGEPSLNEE,QGEPSLNEE,1.40E-05,61
MT872516,239,MHC-I,HLA-B*44:02,1,145,153,9,SGEEHAVGN,SGEEHAVGN,SGEEHAVGN,1.30E-05,50
MT872516,239,MHC-I,HLA-B*44:02,1,114,122,9,VTCAMFTCK,VTCAMFTCK,VTCAMFTCK,1.30E-05,50
MT872516,239,MHC-I,HLA-B*44:02,1,30,38,9,CVTTMAKNK,CVTTMAKNK,CVTTMAKNK,1.30E-05,50
MT872516,239,MHC-I,HLA-B*44:02,1,22,30,9,DIVLEHGSC,DIVLEHGSC,DIVLEHGSC,1.30E-05,50
MT872516,239,MHC-I,HLA-A*02:01,1,125,133,9,MEGKIVQPE,MEGKIVQPE,MEGKIVQPE,1.30E-05,62
MT872516,239,MHC-I,HLA-B*44:02,1,221,229,9,LPGADTQGS,LPGADTQGS,LPGADTQGS,1.20E-05,52
MT872516,239,MHC-I,HLA-B*44:02,1,121,129,9,CKKNMEGKI,CKKNMEGKI,CKKNMEGKI,1.20E-05,52
MT872516,239,MHC-I,HLA-B*44:02,1,34,42,9,MAKNKPTLD,MAKNKPTLD,MAKNKPTLD,1.20E-05,52
MT872516,239,MHC-I,HLA-B*44:02,1,16,24,9,SGGSWVDIV,SGGSWVDIV,SGGSWVDIV,1.20E-05,52
MT872516,239,MHC-I,HLA-A*02:01,1,225,233,9,DTQGSNWIQ,DTQGSNWIQ,DTQGSNWIQ,1.20E-05,63
MT872516,239,MHC-I,HLA-A*02:01,1,194,202,9,NEMVLLQME,NEMVLLQME,NEMVLLQME,1.20E-05,63
MT872516,239,MHC-I,HLA-A*02:01,1,73,81,9,RCPTQGEPS,RCPTQGEPS,RCPTQGEPS,1.20E-05,63
MT872516,239,MHC-I,HLA-A*02:01,1,21,29,9,VDIVLEHGS,VDIVLEHGS,VDIVLEHGS,1.20E-05,63
MT872516,239,MHC-I,HLA-A*02:01,1,12,20,9,VEGVSGGSW,VEGVSGGSW,VEGVSGGSW,1.20E-05,63
MT872516,239,MHC-I,HLA-B*44:02,1,218,226,9,LPWLPGADT,LPWLPGADT,LPWLPGADT,1.10E-05,53
MT872516,239,MHC-I,HLA-B*44:02,1,186,194,9,SPRTGLDFN,SPRTGLDFN,SPRTGLDFN,1.10E-05,53
MT872516,239,MHC-I,HLA-B*44:02,1,140,148,9,VITPHSGEE,VITPHSGEE,VITPHSGEE,1.10E-05,53
MT872516,239,MHC-I,HLA-B*44:02,1,119,127,9,FTCKKNMEG,FTCKKNMEG,FTCKKNMEG,1.10E-05,53
MT872516,239,MHC-I,HLA-B*44:02,1,29,37,9,SCVTTMAKN,SCVTTMAKN,SCVTTMAKN,1.10E-05,53
MT872516,239,MHC-I,HLA-A*02:01,1,66,74,9,TNTTTESRC,TNTTTESRC,TNTTTESRC,1.10E-05,64
MT872516,239,MHC-I,HLA-B*44:02,1,144,152,9,HSGEEHAVG,HSGEEHAVG,HSGEEHAVG,1.00E-05,55
MT872516,239,MHC-I,HLA-B*44:02,1,102,110,9,GNGCGLFGK,GNGCGLFGK,GNGCGLFGK,1.00E-05,55
MT872516,239,MHC-I,HLA-B*44:02,1,68,76,9,TTTESRCPT,TTTESRCPT,TTTESRCPT,1.00E-05,55
MT872516,239,MHC-I,HLA-A*02:01,1,132,140,9,PENLEYTIV,PENLEYTIV,PENLEYTIV,1.00E-05,66
MT872516,239,MHC-I,HLA-A*02:01,1,80,88,9,PSLNEEQDK,PSLNEEQDK,PSLNEEQDK,1.00E-05,66
MT872516,239,MHC-I,HLA-A*02:01,1,72,80,9,SRCPTQGEP,SRCPTQGEP,SRCPTQGEP,1.00E-05,66
MT872516,239,MHC-I,HLA-A*02:01,1,2,10,9,RCIGISNRD,RCIGISNRD,RCIGISNRD,1.00E-05,66
MT872516,239,MHC-I,HLA-B*44:02,1,166,174,9,PQSSTTEAE,PQSSTTEAE,PQSSTTEAE,9.00E-06,57
MT872516,239,MHC-I,HLA-B*44:02,1,164,172,9,ITPQSSTTE,ITPQSSTTE,ITPQSSTTE,9.00E-06,57
MT872516,239,MHC-I,HLA-B*44:02,1,2,10,9,RCIGISNRD,RCIGISNRD,RCIGISNRD,9.00E-06,57
MT872516,239,MHC-I,HLA-A*02:01,1,157,165,9,KHGKEIKIT,KHGKEIKIT,KHGKEIKIT,9.00E-06,67
MT872516,239,MHC-I,HLA-A*02:01,1,10,18,9,DFVEGVSGG,DFVEGVSGG,DFVEGVSGG,9.00E-06,67
MT872516,239,MHC-I,HLA-B*44:02,1,184,192,9,ECSPRTGLD,ECSPRTGLD,ECSPRTGLD,8.00E-06,59
MT872516,239,MHC-I,HLA-B*44:02,1,159,167,9,GKEIKITPQ,GKEIKITPQ,GKEIKITPQ,8.00E-06,59
MT872516,239,MHC-I,HLA-B*44:02,1,110,118,9,KGGIVTCAM,KGGIVTCAM,KGGIVTCAM,8.00E-06,59
MT872516,239,MHC-I,HLA-B*44:02,1,58,66,9,KYCIEAKLT,KYCIEAKLT,KYCIEAKLT,8.00E-06,59
MT872516,239,MHC-I,HLA-B*44:02,1,18,26,9,GSWVDIVLE,GSWVDIVLE,GSWVDIVLE,8.00E-06,59
MT872516,239,MHC-I,HLA-B*44:02,1,8,16,9,NRDFVEGVS,NRDFVEGVS,NRDFVEGVS,8.00E-06,59
MT872516,239,MHC-I,HLA-B*44:02,1,6,14,9,ISNRDFVEG,ISNRDFVEG,ISNRDFVEG,8.00E-06,59
MT872516,239,MHC-I,HLA-A*02:01,1,178,186,9,YGTVTMECS,YGTVTMECS,YGTVTMECS,8.00E-06,69
MT872516,239,MHC-I,HLA-A*02:01,1,100,108,9,GWGNGCGLF,GWGNGCGLF,GWGNGCGLF,8.00E-06,69
MT872516,239,MHC-I,HLA-A*02:01,1,71,79,9,ESRCPTQGE,ESRCPTQGE,ESRCPTQGE,8.00E-06,69
MT872516,239,MHC-I,HLA-A*02:01,1,36,44,9,KNKPTLDFE,KNKPTLDFE,KNKPTLDFE,8.00E-06,69
MT872516,239,MHC-I,HLA-B*44:02,1,231,239,9,WIQKETLVT,WIQKETLVT,WIQKETLVT,7.00E-06,62
MT872516,239,MHC-I,HLA-B*44:02,1,180,188,9,TVTMECSPR,TVTMECSPR,TVTMECSPR,7.00E-06,62
MT872516,239,MHC-I,HLA-B*44:02,1,91,99,9,ICKHSMVDR,ICKHSMVDR,ICKHSMVDR,7.00E-06,62
MT872516,239,MHC-I,HLA-B*44:02,1,87,95,9,DKRFICKHS,DKRFICKHS,DKRFICKHS,7.00E-06,62
MT872516,239,MHC-I,HLA-A*02:01,1,209,217,9,HRQWFLDLP,HRQWFLDLP,HRQWFLDLP,7.00E-06,71
MT872516,239,MHC-I,HLA-A*02:01,1,144,152,9,HSGEEHAVG,HSGEEHAVG,HSGEEHAVG,7.00E-06,71
MT872516,239,MHC-I,HLA-A*02:01,1,78,86,9,GEPSLNEEQ,GEPSLNEEQ,GEPSLNEEQ,7.00E-06,71
MT872516,239,MHC-I,HLA-A*02:01,1,53,61,9,PATLRKYCI,PATLRKYCI,PATLRKYCI,7.00E-06,71
MT872516,239,MHC-I,HLA-A*02:01,1,34,42,9,MAKNKPTLD,MAKNKPTLD,MAKNKPTLD,7.00E-06,71
MT872516,239,MHC-I,HLA-B*44:02,1,107,115,9,LFGKGGIVT,LFGKGGIVT,LFGKGGIVT,6.00E-06,64
MT872516,239,MHC-I,HLA-B*44:02,1,24,32,9,VLEHGSCVT,VLEHGSCVT,VLEHGSCVT,6.00E-06,64
MT872516,239,MHC-I,HLA-A*02:01,1,207,215,9,LVHRQWFLD,LVHRQWFLD,LVHRQWFLD,6.00E-06,73
MT872516,239,MHC-I,HLA-A*02:01,1,102,110,9,GNGCGLFGK,GNGCGLFGK,GNGCGLFGK,6.00E-06,73
MT872516,239,MHC-I,HLA-B*44:02,1,134,142,9,NLEYTIVIT,NLEYTIVIT,NLEYTIVIT,5.00E-06,68
MT872516,239,MHC-I,HLA-B*44:02,1,60,68,9,CIEAKLTNT,CIEAKLTNT,CIEAKLTNT,5.00E-06,68
MT872516,239,MHC-I,HLA-B*44:02,1,54,62,9,ATLRKYCIE,ATLRKYCIE,ATLRKYCIE,5.00E-06,68
MT872516,239,MHC-I,HLA-B*44:02,1,20,28,9,WVDIVLEHG,WVDIVLEHG,WVDIVLEHG,5.00E-06,68
MT872516,239,MHC-I,HLA-A*02:01,1,151,159,9,VGNDTGKHG,VGNDTGKHG,VGNDTGKHG,5.00E-06,75
MT872516,239,MHC-I,HLA-A*02:01,1,58,66,9,KYCIEAKLT,KYCIEAKLT,KYCIEAKLT,5.00E-06,75
MT872516,239,MHC-I,HLA-A*02:01,1,29,37,9,SCVTTMAKN,SCVTTMAKN,SCVTTMAKN,5.00E-06,75
MT872516,239,MHC-I,HLA-B*44:02,1,215,223,9,DLPLPWLPG,DLPLPWLPG,DLPLPWLPG,4.00E-06,72
MT872516,239,MHC-I,HLA-B*44:02,1,14,22,9,GVSGGSWVD,GVSGGSWVD,GVSGGSWVD,4.00E-06,72
MT872516,239,MHC-I,HLA-B*44:02,1,5,13,9,GISNRDFVE,GISNRDFVE,GISNRDFVE,4.00E-06,72
MT872516,239,MHC-I,HLA-A*02:01,1,221,229,9,LPGADTQGS,LPGADTQGS,LPGADTQGS,4.00E-06,78
MT872516,239,MHC-I,HLA-A*02:01,1,203,211,9,DKAWLVHRQ,DKAWLVHRQ,DKAWLVHRQ,4.00E-06,78
MT872516,239,MHC-I,HLA-A*02:01,1,86,94,9,QDKRFICKH,QDKRFICKH,QDKRFICKH,4.00E-06,78
MT872516,239,MHC-I,HLA-B*44:02,1,195,203,9,EMVLLQMED,EMVLLQMED,EMVLLQMED,3.00E-06,77
MT872516,239,MHC-I,HLA-B*44:02,1,105,113,9,CGLFGKGGI,CGLFGKGGI,CGLFGKGGI,3.00E-06,77
MT872516,239,MHC-I,HLA-B*44:02,1,96,104,9,MVDRGWGNG,MVDRGWGNG,MVDRGWGNG,3.00E-06,77
MT872516,239,MHC-I,HLA-B*44:02,1,94,102,9,HSMVDRGWG,HSMVDRGWG,HSMVDRGWG,3.00E-06,77
MT872516,239,MHC-I,HLA-B*44:02,1,92,100,9,CKHSMVDRG,CKHSMVDRG,CKHSMVDRG,3.00E-06,77
MT872516,239,MHC-I,HLA-B*44:02,1,73,81,9,RCPTQGEPS,RCPTQGEPS,RCPTQGEPS,3.00E-06,77
MT872516,239,MHC-I,HLA-B*44:02,1,53,61,9,PATLRKYCI,PATLRKYCI,PATLRKYCI,3.00E-06,77
MT872516,239,MHC-I,HLA-B*44:02,1,11,19,9,FVEGVSGGS,FVEGVSGGS,FVEGVSGGS,3.00E-06,77
MT872516,239,MHC-I,HLA-A*02:01,1,171,179,9,TEAELTGYG,TEAELTGYG,TEAELTGYG,3.00E-06,82
MT872516,239,MHC-I,HLA-A*02:01,1,145,153,9,SGEEHAVGN,SGEEHAVGN,SGEEHAVGN,3.00E-06,82
MT872516,239,MHC-I,HLA-A*02:01,1,8,16,9,NRDFVEGVS,NRDFVEGVS,NRDFVEGVS,3.00E-06,82
MT872516,239,MHC-I,HLA-B*44:02,1,220,228,9,WLPGADTQG,WLPGADTQG,WLPGADTQG,2.00E-06,84
MT872516,239,MHC-I,HLA-B*44:02,1,219,227,9,PWLPGADTQ,PWLPGADTQ,PWLPGADTQ,2.00E-06,84
MT872516,239,MHC-I,HLA-B*44:02,1,116,124,9,CAMFTCKKN,CAMFTCKKN,CAMFTCKKN,2.00E-06,84
MT872516,239,MHC-I,HLA-B*44:02,1,104,112,9,GCGLFGKGG,GCGLFGKGG,GCGLFGKGG,2.00E-06,84
MT872516,239,MHC-I,HLA-B*44:02,1,103,111,9,NGCGLFGKG,NGCGLFGKG,NGCGLFGKG,2.00E-06,84
MT872516,239,MHC-I,HLA-A*02:01,1,219,227,9,PWLPGADTQ,PWLPGADTQ,PWLPGADTQ,2.00E-06,87
MT872516,239,MHC-I,HLA-A*02:01,1,217,225,9,PLPWLPGAD,PLPWLPGAD,PLPWLPGAD,2.00E-06,87
MT872516,239,MHC-I,HLA-A*02:01,1,186,194,9,SPRTGLDFN,SPRTGLDFN,SPRTGLDFN,2.00E-06,87
MT872516,239,MHC-I,HLA-A*02:01,1,159,167,9,GKEIKITPQ,GKEIKITPQ,GKEIKITPQ,2.00E-06,87
MT872516,239,MHC-I,HLA-A*02:01,1,148,156,9,EHAVGNDTG,EHAVGNDTG,EHAVGNDTG,2.00E-06,87
MT872516,239,MHC-I,HLA-A*02:01,1,147,155,9,EEHAVGNDT,EEHAVGNDT,EEHAVGNDT,2.00E-06,87
MT872516,239,MHC-I,HLA-A*02:01,1,121,129,9,CKKNMEGKI,CKKNMEGKI,CKKNMEGKI,2.00E-06,87
MT872516,239,MHC-I,HLA-A*02:01,1,118,126,9,MFTCKKNME,MFTCKKNME,MFTCKKNME,2.00E-06,87
MT872516,239,MHC-I,HLA-A*02:01,1,116,124,9,CAMFTCKKN,CAMFTCKKN,CAMFTCKKN,2.00E-06,87
MT872516,239,MHC-I,HLA-A*02:01,1,101,109,9,WGNGCGLFG,WGNGCGLFG,WGNGCGLFG,2.00E-06,87
MT872516,239,MHC-I,HLA-B*44:02,1,222,230,9,PGADTQGSN,PGADTQGSN,PGADTQGSN,1.00E-06,94
MT872516,239,MHC-I,HLA-B*44:02,1,207,215,9,LVHRQWFLD,LVHRQWFLD,LVHRQWFLD,1.00E-06,94
MT872516,239,MHC-I,HLA-B*44:02,1,187,195,9,PRTGLDFNE,PRTGLDFNE,PRTGLDFNE,1.00E-06,94
MT872516,239,MHC-I,HLA-B*44:02,1,178,186,9,YGTVTMECS,YGTVTMECS,YGTVTMECS,1.00E-06,94
MT872516,239,MHC-I,HLA-B*44:02,1,118,126,9,MFTCKKNME,MFTCKKNME,MFTCKKNME,1.00E-06,94
MT872516,239,MHC-I,HLA-B*44:02,1,113,121,9,IVTCAMFTC,IVTCAMFTC,IVTCAMFTC,1.00E-06,94
MT872516,239,MHC-I,HLA-B*44:02,1,112,120,9,GIVTCAMFT,GIVTCAMFT,GIVTCAMFT,1.00E-06,94
MT872516,239,MHC-I,HLA-B*44:02,1,101,109,9,WGNGCGLFG,WGNGCGLFG,WGNGCGLFG,1.00E-06,94
MT872516,239,MHC-I,HLA-B*44:02,1,98,106,9,DRGWGNGCG,DRGWGNGCG,DRGWGNGCG,1.00E-06,94
MT872516,239,MHC-I,HLA-B*44:02,1,90,98,9,FICKHSMVD,FICKHSMVD,FICKHSMVD,1.00E-06,94
MT872516,239,MHC-I,HLA-B*44:02,1,75,83,9,PTQGEPSLN,PTQGEPSLN,PTQGEPSLN,1.00E-06,94
MT872516,239,MHC-I,HLA-A*02:01,1,222,230,9,PGADTQGSN,PGADTQGSN,PGADTQGSN,1.00E-06,95
MT872516,239,MHC-I,HLA-A*02:01,1,187,195,9,PRTGLDFNE,PRTGLDFNE,PRTGLDFNE,1.00E-06,95
MT872516,239,MHC-I,HLA-A*02:01,1,184,192,9,ECSPRTGLD,ECSPRTGLD,ECSPRTGLD,1.00E-06,95
MT872516,239,MHC-I,HLA-A*02:01,1,153,161,9,NDTGKHGKE,NDTGKHGKE,NDTGKHGKE,1.00E-06,95
MT872516,239,MHC-I,HLA-A*02:01,1,126,134,9,EGKIVQPEN,EGKIVQPEN,EGKIVQPEN,1.00E-06,95
MT872516,239,MHC-I,HLA-A*02:01,1,104,112,9,GCGLFGKGG,GCGLFGKGG,GCGLFGKGG,1.00E-06,95
MT872516,239,MHC-I,HLA-A*02:01,1,103,111,9,NGCGLFGKG,NGCGLFGKG,NGCGLFGKG,1.00E-06,95
MT872516,239,MHC-I,HLA-A*02:01,1,94,102,9,HSMVDRGWG,HSMVDRGWG,HSMVDRGWG,1.00E-06,95
MT872516,239,MHC-I,HLA-A*02:01,1,79,87,9,EPSLNEEQD,EPSLNEEQD,EPSLNEEQD,1.00E-06,95
MT872516,239,MHC-I,HLA-A*02:01,1,75,83,9,PTQGEPSLN,PTQGEPSLN,PTQGEPSLN,1.00E-06,95
MT872516,239,MHC-I,HLA-A*02:01,1,70,78,9,TESRCPTQG,TESRCPTQG,TESRCPTQG,1.00E-06,95
MT872516,239,MHC-I,HLA-B*44:02,1,217,225,9,PLPWLPGAD,PLPWLPGAD,PLPWLPGAD,0,100
MT872516,239,MHC-I,HLA-A*02:01,1,146,154,9,GEEHAVGND,GEEHAVGND,GEEHAVGND,0,100
MT872516,239,MHC-I,HLA-A*02:01,1,98,106,9,DRGWGNGCG,DRGWGNGCG,DRGWGNGCG,0,100
MT872516,239,MHC-I,HLA-A*02:01,1,92,100,9,CKHSMVDRG,CKHSMVDRG,CKHSMVDRG,0,100
MT872516,239,MHC-I,HLA-A*02:01,1,87,95,9,DKRFICKHS,DKRFICKHS,DKRFICKHS,0,100