allele,seq_num,start,end,length,peptide,core,icore,score,rank
HLA-A*01:01,1,170,178,9,TSEIQLTDY,TSEIQLTDY,TSEIQLTDY,0.933967,0.02
HLA-A*02:01,1,424,432,9,SIGGVFTSV,SIGGVFTSV,SIGGVFTSV,0.697219,0.13
HLA-A*02:01,1,200,208,9,TMKEKSWLV,TMKEKSWLV,TMKEKSWLV,0.676498,0.15
HLA-A*02:01,1,431,439,9,SVGKLVHQV,SVGKLVHQV,SVGKLVHQV,0.630641,0.17
HLA-A*01:01,1,124,132,9,KLEGKIVQY,KLEGKIVQY,KLEGKIVQY,0.613667,0.13
HLA-A*02:01,1,106,114,9,GLFGKGSLL,GLFGKGSLL,GLFGKGSLL,0.590778,0.21
HLA-A*02:01,1,206,214,9,WLVHKQWFL,WLVHKQWFL,WLVHKQWFL,0.567983,0.22
HLA-A*02:01,1,350,358,9,RLITANPIV,RLITANPIV,RLITANPIV,0.553884,0.23
HLA-A*01:01,1,129,137,9,IVQYENLKY,IVQYENLKY,IVQYENLKY,0.553627,0.17
HLA-A*01:01,1,175,183,9,LTDYGALTL,LTDYGALTL,LTDYGALTL,0.458962,0.22
HLA-A*02:01,1,467,475,9,GLNSRSTSL,GLNSRSTSL,GLNSRSTSL,0.416901,0.34
HLA-A*01:01,1,318,326,9,GTVLVQVKY,GTVLVQVKY,GTVLVQVKY,0.37397,0.29
HLA-A*02:01,1,190,198,9,GLDFNEMVL,GLDFNEMVL,GLDFNEMVL,0.343146,0.46
HLA-A*02:01,1,213,221,9,FLDLPLPWT,FLDLPLPWT,FLDLPLPWT,0.315013,0.52
HLA-A*02:01,1,438,446,9,QVFGTAYGV,QVFGTAYGV,QVFGTAYGV,0.277822,0.59
HLA-A*02:01,1,33,41,9,TMAKNKPTL,TMAKNKPTL,TMAKNKPTL,0.277221,0.59
HLA-A*02:01,1,300,308,9,VMCTGSFKL,VMCTGSFKL,VMCTGSFKL,0.252331,0.64
HLA-A*01:01,1,480,488,9,VAVGMVTLY,VAVGMVTLY,VAVGMVTLY,0.209887,0.52
HLA-A*02:01,1,446,454,9,VLFSGVSWT,VLFSGVSWT,VLFSGVSWT,0.202869,0.77
HLA-A*02:01,1,292,300,9,LTLKGMSYV,LTLKGMSYV,LTLKGMSYV,0.194129,0.81
HLA-A*02:01,1,483,491,9,GMVTLYLGV,GMVTLYLGV,GMVTLYLGV,0.188055,0.84
HLA-A*02:01,1,474,482,9,SLSMTCVAV,SLSMTCVAV,SLSMTCVAV,0.181518,0.88
HLA-A*02:01,1,160,168,9,TIATITPQA,TIATITPQA,TIATITPQA,0.178305,0.89
HLA-A*02:01,1,23,31,9,VVLEHGSCV,VVLEHGSCV,VVLEHGSCV,0.160341,0.98
HLA-A*01:01,1,291,299,9,KLTLKGMSY,KLTLKGMSY,KLTLKGMSY,0.158767,0.65
HLA-A*01:01,1,369,377,9,TEPPFGESY,TEPPFGESY,TEPPFGESY,0.153615,0.67
HLA-A*02:01,1,259,267,9,AMHTALTGA,AMHTALTGA,AMHTALTGA,0.145957,1.1
HLA-A*02:01,1,396,404,9,SSIGKMFEA,SSIGKMFEA,SSIGKMFEA,0.136864,1.1
HLA-A*02:01,1,434,442,9,KLVHQVFGT,KLVHQVFGT,KLVHQVFGT,0.13368,1.2
HLA-A*02:01,1,210,218,9,KQWFLDLPL,KQWFLDLPL,KQWFLDLPL,0.127641,1.2
HLA-A*01:01,1,271,279,9,QTSGTTTIF,QTSGTTTIF,QTSGTTTIF,0.123162,0.81
HLA-A*02:01,1,346,354,9,TQNGRLITA,TQNGRLITA,TQNGRLITA,0.12272,1.2
HLA-A*02:01,1,286,294,9,RLKMDKLTL,RLKMDKLTL,RLKMDKLTL,0.104327,1.4
HLA-A*02:01,1,175,183,9,LTDYGALTL,LTDYGALTL,LTDYGALTL,0.077117,1.6
HLA-A*01:01,1,50,58,9,VTNPAVLRK,VTNPAVLRK,VTNPAVLRK,0.075619,1.2
HLA-A*02:01,1,270,278,9,IQTSGTTTI,IQTSGTTTI,IQTSGTTTI,0.067444,1.8
HLA-A*01:01,1,69,77,9,TTDSRCPTQ,TTDSRCPTQ,TTDSRCPTQ,0.05751,1.4
HLA-A*02:01,1,481,489,9,AVGMVTLYL,AVGMVTLYL,AVGMVTLYL,0.056049,2.0
HLA-A*02:01,1,307,315,9,KLEKEVAET,KLEKEVAET,KLEKEVAET,0.050169,2.1
HLA-A*02:01,1,40,48,9,TLDIELLKT,TLDIELLKT,TLDIELLKT,0.050144,2.1
HLA-A*02:01,1,124,132,9,KLEGKIVQY,KLEGKIVQY,KLEGKIVQY,0.047809,2.2
HLA-A*01:01,1,314,322,9,ETQHGTVLV,ETQHGTVLV,ETQHGTVLV,0.045362,1.6
HLA-A*01:01,1,82,90,9,LVEEQDANF,LVEEQDANF,LVEEQDANF,0.045268,1.6
HLA-A*01:01,1,429,437,9,FTSVGKLVH,FTSVGKLVH,FTSVGKLVH,0.039009,1.8
HLA-A*02:01,1,427,435,9,GVFTSVGKL,GVFTSVGKL,GVFTSVGKL,0.035778,2.6
HLA-A*02:01,1,460,468,9,GILLTWLGL,GILLTWLGL,GILLTWLGL,0.033333,2.7
HLA-A*02:01,1,293,301,9,TLKGMSYVM,TLKGMSYVM,TLKGMSYVM,0.028431,2.9
HLA-A*02:01,1,55,63,9,VLRKLCIEA,VLRKLCIEA,VLRKLCIEA,0.0279,3.0
HLA-A*01:01,1,368,376,9,ETEPPFGES,ETEPPFGES,ETEPPFGES,0.027001,2.2
HLA-A*02:01,1,400,408,9,KMFEATARG,KMFEATARG,KMFEATARG,0.026233,3.1
HLA-A*01:01,1,155,163,9,TTEHGTIAT,TTEHGTIAT,TTEHGTIAT,0.026089,2.2
HLA-A*02:01,1,255,263,9,SQEGAMHTA,SQEGAMHTA,SQEGAMHTA,0.025543,3.1
HLA-A*01:01,1,229,237,9,ETWNRQDLL,ETWNRQDLL,ETWNRQDLL,0.024736,2.3
HLA-A*01:01,1,47,55,9,KTEVTNPAV,KTEVTNPAV,KTEVTNPAV,0.024474,2.3
HLA-A*02:01,1,357,365,9,IVTDKEKPV,IVTDKEKPV,IVTDKEKPV,0.022977,3.3
HLA-A*01:01,1,190,198,9,GLDFNEMVL,GLDFNEMVL,GLDFNEMVL,0.019596,2.6
HLA-A*02:01,1,414,422,9,ILGDTAWDF,ILGDTAWDF,ILGDTAWDF,0.019491,3.6
HLA-A*02:01,1,479,487,9,CVAVGMVTL,CVAVGMVTL,CVAVGMVTL,0.018907,3.6
HLA-A*01:01,1,85,93,9,EQDANFVCR,EQDANFVCR,EQDANFVCR,0.018758,2.7
HLA-A*01:01,1,225,233,9,STSQETWNR,STSQETWNR,STSQETWNR,0.018619,2.7
HLA-A*02:01,1,277,285,9,TIFAGHLKC,TIFAGHLKC,TIFAGHLKC,0.018443,3.7
HLA-A*01:01,1,39,47,9,PTLDIELLK,PTLDIELLK,PTLDIELLK,0.018277,2.7
HLA-A*01:01,1,185,193,9,CSPRTGLDF,CSPRTGLDF,CSPRTGLDF,0.017888,2.7
HLA-A*01:01,1,276,284,9,TTIFAGHLK,TTIFAGHLK,TTIFAGHLK,0.017679,2.7
HLA-A*02:01,1,476,484,9,SMTCVAVGM,SMTCVAVGM,SMTCVAVGM,0.017619,3.7
HLA-A*01:01,1,193,201,9,FNEMVLLTM,FNEMVLLTM,FNEMVLLTM,0.017552,2.7
HLA-A*02:01,1,47,55,9,KTEVTNPAV,KTEVTNPAV,KTEVTNPAV,0.017357,3.8
HLA-A*01:01,1,40,48,9,TLDIELLKT,TLDIELLKT,TLDIELLKT,0.017192,2.8
HLA-A*02:01,1,485,493,9,VTLYLGVMV,VTLYLGVMV,VTLYLGVMV,0.016693,3.9
HLA-A*01:01,1,469,477,9,NSRSTSLSM,NSRSTSLSM,NSRSTSLSM,0.016529,2.8
HLA-A*01:01,1,233,241,9,RQDLLVTFK,RQDLLVTFK,RQDLLVTFK,0.015877,2.9
HLA-A*02:01,1,411,419,9,RMAILGDTA,RMAILGDTA,RMAILGDTA,0.015326,4.0
HLA-A*02:01,1,135,143,9,LKYSVIVTV,LKYSVIVTV,LKYSVIVTV,0.015126,4.1
HLA-A*01:01,1,436,444,9,VHQVFGTAY,VHQVFGTAY,VHQVFGTAY,0.014969,3.0
HLA-A*01:01,1,223,231,9,GASTSQETW,GASTSQETW,GASTSQETW,0.014969,3.0
HLA-A*01:01,1,141,149,9,VTVHTGDQH,VTVHTGDQH,VTVHTGDQH,0.014696,3.0
HLA-A*02:01,1,472,480,9,STSLSMTCV,STSLSMTCV,STSLSMTCV,0.014552,4.1
HLA-A*02:01,1,453,461,9,WTMKIGIGI,WTMKIGIGI,WTMKIGIGI,0.014443,4.2
HLA-A*01:01,1,339,347,9,TQDEKGVTQ,TQDEKGVTQ,TQDEKGVTQ,0.0144,3.1
HLA-A*02:01,1,130,138,9,VQYENLKYS,VQYENLKYS,VQYENLKYS,0.012919,4.4
HLA-A*02:01,1,381,389,9,GAGEKALKL,GAGEKALKL,GAGEKALKL,0.012695,4.5
HLA-A*01:01,1,472,480,9,STSLSMTCV,STSLSMTCV,STSLSMTCV,0.011157,3.6
HLA-A*01:01,1,404,412,9,ATARGARRM,ATARGARRM,ATARGARRM,0.010968,3.6
HLA-A*02:01,1,304,312,9,GSFKLEKEV,GSFKLEKEV,GSFKLEKEV,0.010666,4.8
HLA-A*01:01,1,213,221,9,FLDLPLPWT,FLDLPLPWT,FLDLPLPWT,0.01035,3.7
HLA-A*01:01,1,188,196,9,RTGLDFNEM,RTGLDFNEM,RTGLDFNEM,0.009966,3.8
HLA-A*01:01,1,358,366,9,VTDKEKPVN,VTDKEKPVN,VTDKEKPVN,0.009908,3.8
HLA-A*02:01,1,314,322,9,ETQHGTVLV,ETQHGTVLV,ETQHGTVLV,0.009366,5.1
HLA-A*02:01,1,251,259,9,VVLGSQEGA,VVLGSQEGA,VVLGSQEGA,0.009174,5.2
HLA-A*02:01,1,189,197,9,TGLDFNEMV,TGLDFNEMV,TGLDFNEMV,0.009097,5.2
HLA-A*01:01,1,238,246,9,VTFKTAHAK,VTFKTAHAK,VTFKTAHAK,0.009094,4.0
HLA-A*01:01,1,302,310,9,CTGSFKLEK,CTGSFKLEK,CTGSFKLEK,0.008956,4.0
HLA-A*02:01,1,235,243,9,DLLVTFKTA,DLLVTFKTA,DLLVTFKTA,0.008456,5.4
HLA-A*01:01,1,414,422,9,ILGDTAWDF,ILGDTAWDF,ILGDTAWDF,0.008448,4.1
HLA-A*01:01,1,267,275,9,ATEIQTSGT,ATEIQTSGT,ATEIQTSGT,0.008124,4.2
HLA-A*02:01,1,458,466,9,GIGILLTWL,GIGILLTWL,GIGILLTWL,0.007855,5.6
HLA-A*02:01,1,174,182,9,QLTDYGALT,QLTDYGALT,QLTDYGALT,0.007656,5.7
HLA-A*01:01,1,396,404,9,SSIGKMFEA,SSIGKMFEA,SSIGKMFEA,0.007604,4.4
HLA-A*01:01,1,353,361,9,TANPIVTDK,TANPIVTDK,TANPIVTDK,0.007441,4.4
HLA-A*02:01,1,451,459,9,VSWTMKIGI,VSWTMKIGI,VSWTMKIGI,0.007293,5.8
HLA-A*01:01,1,65,73,9,ISNTTTDSR,ISNTTTDSR,ISNTTTDSR,0.006894,4.6
HLA-A*02:01,1,134,142,9,NLKYSVIVT,NLKYSVIVT,NLKYSVIVT,0.006652,6.1
HLA-A*01:01,1,448,456,9,FSGVSWTMK,FSGVSWTMK,FSGVSWTMK,0.00663,4.7
HLA-A*02:01,1,447,455,9,LFSGVSWTM,LFSGVSWTM,LFSGVSWTM,0.006382,6.2
HLA-A*02:01,1,45,53,9,LLKTEVTNP,LLKTEVTNP,LLKTEVTNP,0.00587,6.4
HLA-A*01:01,1,75,83,9,PTQGEATLV,PTQGEATLV,PTQGEATLV,0.005684,5.2
HLA-A*02:01,1,390,398,9,SWFKRGSSI,SWFKRGSSI,SWFKRGSSI,0.005668,6.5
HLA-A*02:01,1,378,386,9,IVVGAGEKA,IVVGAGEKA,IVVGAGEKA,0.00548,6.6
HLA-A*01:01,1,255,263,9,SQEGAMHTA,SQEGAMHTA,SQEGAMHTA,0.005471,5.3
HLA-A*02:01,1,454,462,9,TMKIGIGIL,TMKIGIGIL,TMKIGIGIL,0.005362,6.7
HLA-A*01:01,1,272,280,9,TSGTTTIFA,TSGTTTIFA,TSGTTTIFA,0.005362,5.4
HLA-A*01:01,1,383,391,9,GEKALKLSW,GEKALKLSW,GEKALKLSW,0.005346,5.4
HLA-A*01:01,1,412,420,9,MAILGDTAW,MAILGDTAW,MAILGDTAW,0.005334,5.4
HLA-A*01:01,1,154,162,9,ETTEHGTIA,ETTEHGTIA,ETTEHGTIA,0.005307,5.4
HLA-A*02:01,1,486,494,9,TLYLGVMVQ,TLYLGVMVQ,TLYLGVMVQ,0.005147,6.8
HLA-A*01:01,1,150,158,9,QVGNETTEH,QVGNETTEH,QVGNETTEH,0.005106,5.5
HLA-A*01:01,1,274,282,9,GTTTIFAGH,GTTTIFAGH,GTTTIFAGH,0.005052,5.5
HLA-A*02:01,1,229,237,9,ETWNRQDLL,ETWNRQDLL,ETWNRQDLL,0.004952,7.0
HLA-A*02:01,1,456,464,9,KIGIGILLT,KIGIGILLT,KIGIGILLT,0.004946,7.0
HLA-A*02:01,1,487,495,9,LYLGVMVQA,LYLGVMVQA,LYLGVMVQA,0.004838,7.0
HLA-A*02:01,1,252,260,9,VLGSQEGAM,VLGSQEGAM,VLGSQEGAM,0.004724,7.1
HLA-A*01:01,1,200,208,9,TMKEKSWLV,TMKEKSWLV,TMKEKSWLV,0.004667,5.8
HLA-A*02:01,1,167,175,9,QAPTSEIQL,QAPTSEIQL,QAPTSEIQL,0.004619,7.2
HLA-A*01:01,1,232,240,9,NRQDLLVTF,NRQDLLVTF,NRQDLLVTF,0.004593,5.8
HLA-A*02:01,1,435,443,9,LVHQVFGTA,LVHQVFGTA,LVHQVFGTA,0.004543,7.2
HLA-A*02:01,1,173,181,9,IQLTDYGAL,IQLTDYGAL,IQLTDYGAL,0.004539,7.2
HLA-A*01:01,1,292,300,9,LTLKGMSYV,LTLKGMSYV,LTLKGMSYV,0.004491,5.9
HLA-A*01:01,1,329,337,9,TDAPCKIPF,TDAPCKIPF,TDAPCKIPF,0.004405,6.0
HLA-A*01:01,1,312,320,9,VAETQHGTV,VAETQHGTV,VAETQHGTV,0.004368,6.0
HLA-A*01:01,1,431,439,9,SVGKLVHQV,SVGKLVHQV,SVGKLVHQV,0.004165,6.2
HLA-A*01:01,1,447,455,9,LFSGVSWTM,LFSGVSWTM,LFSGVSWTM,0.004121,6.2
HLA-A*01:01,1,226,234,9,TSQETWNRQ,TSQETWNRQ,TSQETWNRQ,0.003935,6.4
HLA-A*01:01,1,220,228,9,WTSGASTSQ,WTSGASTSQ,WTSGASTSQ,0.003895,6.4
HLA-A*01:01,1,275,283,9,TTTIFAGHL,TTTIFAGHL,TTTIFAGHL,0.003845,6.5
HLA-A*02:01,1,262,270,9,TALTGATEI,TALTGATEI,TALTGATEI,0.003844,7.8
HLA-A*01:01,1,23,31,9,VVLEHGSCV,VVLEHGSCV,VVLEHGSCV,0.003752,6.6
HLA-A*02:01,1,162,170,9,ATITPQAPT,ATITPQAPT,ATITPQAPT,0.003721,7.9
HLA-A*02:01,1,242,250,9,TAHAKKQEV,TAHAKKQEV,TAHAKKQEV,0.003675,7.9
HLA-A*01:01,1,49,57,9,EVTNPAVLR,EVTNPAVLR,EVTNPAVLR,0.003525,6.8
HLA-A*01:01,1,440,448,9,FGTAYGVLF,FGTAYGVLF,FGTAYGVLF,0.003313,7.1
HLA-A*02:01,1,379,387,9,VVGAGEKAL,VVGAGEKAL,VVGAGEKAL,0.003279,8.3
HLA-A*02:01,1,449,457,9,SGVSWTMKI,SGVSWTMKI,SGVSWTMKI,0.003272,8.4
HLA-A*02:01,1,199,207,9,LTMKEKSWL,LTMKEKSWL,LTMKEKSWL,0.00324,8.4
HLA-A*02:01,1,17,25,9,GATWVDVVL,GATWVDVVL,GATWVDVVL,0.003221,8.4
HLA-A*01:01,1,206,214,9,WLVHKQWFL,WLVHKQWFL,WLVHKQWFL,0.00316,7.3
HLA-A*01:01,1,467,475,9,GLNSRSTSL,GLNSRSTSL,GLNSRSTSL,0.003108,7.4
HLA-A*02:01,1,291,299,9,KLTLKGMSY,KLTLKGMSY,KLTLKGMSY,0.003041,8.6
HLA-A*02:01,1,16,24,9,SGATWVDVV,SGATWVDVV,SGATWVDVV,0.002954,8.7
HLA-A*02:01,1,244,252,9,HAKKQEVVV,HAKKQEVVV,HAKKQEVVV,0.002926,8.7
HLA-A*01:01,1,165,173,9,TPQAPTSEI,TPQAPTSEI,TPQAPTSEI,0.002883,7.7
HLA-A*01:01,1,299,307,9,YVMCTGSFK,YVMCTGSFK,YVMCTGSFK,0.002861,7.8
HLA-A*01:01,1,42,50,9,DIELLKTEV,DIELLKTEV,DIELLKTEV,0.002844,7.8
HLA-A*02:01,1,237,245,9,LVTFKTAHA,LVTFKTAHA,LVTFKTAHA,0.002842,8.9
HLA-A*01:01,1,111,119,9,GSLLTCAKF,GSLLTCAKF,GSLLTCAKF,0.002733,8.0
HLA-A*01:01,1,242,250,9,TAHAKKQEV,TAHAKKQEV,TAHAKKQEV,0.002725,8.0
HLA-A*02:01,1,108,116,9,FGKGSLLTC,FGKGSLLTC,FGKGSLLTC,0.002698,9.1
HLA-A*01:01,1,359,367,9,TDKEKPVNI,TDKEKPVNI,TDKEKPVNI,0.002696,8.0
HLA-A*01:01,1,421,429,9,DFGSIGGVF,DFGSIGGVF,DFGSIGGVF,0.002693,8.0
HLA-A*01:01,1,481,489,9,AVGMVTLYL,AVGMVTLYL,AVGMVTLYL,0.002621,8.2
HLA-A*01:01,1,204,212,9,KSWLVHKQW,KSWLVHKQW,KSWLVHKQW,0.002586,8.3
HLA-A*01:01,1,445,453,9,GVLFSGVSW,GVLFSGVSW,GVLFSGVSW,0.002554,8.3
HLA-A*02:01,1,455,463,9,MKIGIGILL,MKIGIGILL,MKIGIGILL,0.002535,9.3
HLA-A*02:01,1,397,405,9,SIGKMFEAT,SIGKMFEAT,SIGKMFEAT,0.002524,9.3
HLA-A*02:01,1,99,107,9,RGWGNGCGL,RGWGNGCGL,RGWGNGCGL,0.002523,9.3
HLA-A*01:01,1,160,168,9,TIATITPQA,TIATITPQA,TIATITPQA,0.002499,8.4
HLA-A*01:01,1,313,321,9,AETQHGTVL,AETQHGTVL,AETQHGTVL,0.002485,8.5
HLA-A*01:01,1,254,262,9,GSQEGAMHT,GSQEGAMHT,GSQEGAMHT,0.002464,8.5
HLA-A*01:01,1,394,402,9,RGSSIGKMF,RGSSIGKMF,RGSSIGKMF,0.002353,8.7
HLA-A*01:01,1,164,172,9,ITPQAPTSE,ITPQAPTSE,ITPQAPTSE,0.002321,8.8
HLA-A*01:01,1,441,449,9,GTAYGVLFS,GTAYGVLFS,GTAYGVLFS,0.002301,8.9
HLA-A*01:01,1,167,175,9,QAPTSEIQL,QAPTSEIQL,QAPTSEIQL,0.002243,9.0
HLA-A*01:01,1,293,301,9,TLKGMSYVM,TLKGMSYVM,TLKGMSYVM,0.002159,9.2
HLA-A*01:01,1,191,199,9,LDFNEMVLL,LDFNEMVLL,LDFNEMVLL,0.002159,9.2
HLA-A*01:01,1,33,41,9,TMAKNKPTL,TMAKNKPTL,TMAKNKPTL,0.002145,9.2
HLA-A*01:01,1,28,36,9,GSCVTTMAK,GSCVTTMAK,GSCVTTMAK,0.002142,9.2
HLA-A*02:01,1,423,431,9,GSIGGVFTS,GSIGGVFTS,GSIGGVFTS,0.002138,10
HLA-A*01:01,1,424,432,9,SIGGVFTSV,SIGGVFTSV,SIGGVFTSV,0.002128,9.3
HLA-A*01:01,1,86,94,9,QDANFVCRR,QDANFVCRR,QDANFVCRR,0.002122,9.3
HLA-A*01:01,1,328,336,9,GTDAPCKIP,GTDAPCKIP,GTDAPCKIP,0.002105,9.3
HLA-A*01:01,1,288,296,9,KMDKLTLKG,KMDKLTLKG,KMDKLTLKG,0.002079,9.4
HLA-A*01:01,1,12,20,9,VEGLSGATW,VEGLSGATW,VEGLSGATW,0.002071,9.4
HLA-A*01:01,1,335,343,9,IPFSTQDEK,IPFSTQDEK,IPFSTQDEK,0.002065,9.4
HLA-A*02:01,1,339,347,9,TQDEKGVTQ,TQDEKGVTQ,TQDEKGVTQ,0.002034,11
HLA-A*02:01,1,233,241,9,RQDLLVTFK,RQDLLVTFK,RQDLLVTFK,0.002027,11
HLA-A*02:01,1,117,125,9,AKFKCVTKL,AKFKCVTKL,AKFKCVTKL,0.002001,11
HLA-A*01:01,1,417,425,9,DTAWDFGSI,DTAWDFGSI,DTAWDFGSI,0.001993,9.6
HLA-A*02:01,1,156,164,9,TEHGTIATI,TEHGTIATI,TEHGTIATI,0.001984,11
HLA-A*01:01,1,199,207,9,LTMKEKSWL,LTMKEKSWL,LTMKEKSWL,0.001973,9.7
HLA-A*02:01,1,82,90,9,LVEEQDANF,LVEEQDANF,LVEEQDANF,0.001963,11
HLA-A*02:01,1,232,240,9,NRQDLLVTF,NRQDLLVTF,NRQDLLVTF,0.001955,11
HLA-A*01:01,1,286,294,9,RLKMDKLTL,RLKMDKLTL,RLKMDKLTL,0.001944,9.8
HLA-A*01:01,1,385,393,9,KALKLSWFK,KALKLSWFK,KALKLSWFK,0.001914,9.9
HLA-A*01:01,1,202,210,9,KEKSWLVHK,KEKSWLVHK,KEKSWLVHK,0.001896,10
HLA-A*01:01,1,106,114,9,GLFGKGSLL,GLFGKGSLL,GLFGKGSLL,0.001855,11
HLA-A*01:01,1,19,27,9,TWVDVVLEH,TWVDVVLEH,TWVDVVLEH,0.001834,11
HLA-A*01:01,1,212,220,9,WFLDLPLPW,WFLDLPLPW,WFLDLPLPW,0.001813,11
HLA-A*01:01,1,346,354,9,TQNGRLITA,TQNGRLITA,TQNGRLITA,0.001769,11
HLA-A*01:01,1,381,389,9,GAGEKALKL,GAGEKALKL,GAGEKALKL,0.001739,11
HLA-A*01:01,1,289,297,9,MDKLTLKGM,MDKLTLKGM,MDKLTLKGM,0.001724,11
HLA-A*02:01,1,191,199,9,LDFNEMVLL,LDFNEMVLL,LDFNEMVLL,0.001708,12
HLA-A*02:01,1,320,328,9,VLVQVKYEG,VLVQVKYEG,VLVQVKYEG,0.001695,12
HLA-A*01:01,1,463,471,9,LTWLGLNSR,LTWLGLNSR,LTWLGLNSR,0.001689,11
HLA-A*01:01,1,261,269,9,HTALTGATE,HTALTGATE,HTALTGATE,0.001675,11
HLA-A*02:01,1,337,345,9,FSTQDEKGV,FSTQDEKGV,FSTQDEKGV,0.001662,12
HLA-A*01:01,1,270,278,9,IQTSGTTTI,IQTSGTTTI,IQTSGTTTI,0.001662,11
HLA-A*02:01,1,42,50,9,DIELLKTEV,DIELLKTEV,DIELLKTEV,0.001645,12
HLA-A*02:01,1,197,205,9,VLLTMKEKS,VLLTMKEKS,VLLTMKEKS,0.001632,12
HLA-A*01:01,1,230,238,9,TWNRQDLLV,TWNRQDLLV,TWNRQDLLV,0.001615,11
HLA-A*01:01,1,453,461,9,WTMKIGIGI,WTMKIGIGI,WTMKIGIGI,0.001606,11
HLA-A*02:01,1,288,296,9,KMDKLTLKG,KMDKLTLKG,KMDKLTLKG,0.001588,12
HLA-A*01:01,1,473,481,9,TSLSMTCVA,TSLSMTCVA,TSLSMTCVA,0.001582,12
HLA-A*01:01,1,198,206,9,LLTMKEKSW,LLTMKEKSW,LLTMKEKSW,0.001563,12
HLA-A*01:01,1,300,308,9,VMCTGSFKL,VMCTGSFKL,VMCTGSFKL,0.00154,12
HLA-A*01:01,1,485,493,9,VTLYLGVMV,VTLYLGVMV,VTLYLGVMV,0.001522,12
HLA-A*01:01,1,143,151,9,VHTGDQHQV,VHTGDQHQV,VHTGDQHQV,0.001516,12
HLA-A*01:01,1,345,353,9,VTQNGRLIT,VTQNGRLIT,VTQNGRLIT,0.00151,12
HLA-A*01:01,1,432,440,9,VGKLVHQVF,VGKLVHQVF,VGKLVHQVF,0.001499,12
HLA-A*01:01,1,132,140,9,YENLKYSVI,YENLKYSVI,YENLKYSVI,0.001497,12
HLA-A*01:01,1,457,465,9,IGIGILLTW,IGIGILLTW,IGIGILLTW,0.001486,12
HLA-A*01:01,1,471,479,9,RSTSLSMTC,RSTSLSMTC,RSTSLSMTC,0.001485,12
HLA-A*02:01,1,181,189,9,LTLDCSPRT,LTLDCSPRT,LTLDCSPRT,0.001474,12
HLA-A*02:01,1,465,473,9,WLGLNSRST,WLGLNSRST,WLGLNSRST,0.001466,12
HLA-A*02:01,1,477,485,9,MTCVAVGMV,MTCVAVGMV,MTCVAVGMV,0.001463,12
HLA-A*01:01,1,156,164,9,TEHGTIATI,TEHGTIATI,TEHGTIATI,0.001461,12
HLA-A*01:01,1,307,315,9,KLEKEVAET,KLEKEVAET,KLEKEVAET,0.001459,12
HLA-A*02:01,1,428,436,9,VFTSVGKLV,VFTSVGKLV,VFTSVGKLV,0.001426,12
HLA-A*02:01,1,50,58,9,VTNPAVLRK,VTNPAVLRK,VTNPAVLRK,0.00142,12
HLA-A*02:01,1,462,470,9,LLTWLGLNS,LLTWLGLNS,LLTWLGLNS,0.001384,13
HLA-A*02:01,1,113,121,9,LLTCAKFKC,LLTCAKFKC,LLTCAKFKC,0.001347,13
HLA-A*02:01,1,445,453,9,GVLFSGVSW,GVLFSGVSW,GVLFSGVSW,0.001334,13
HLA-A*02:01,1,137,145,9,YSVIVTVHT,YSVIVTVHT,YSVIVTVHT,0.00133,13
HLA-A*01:01,1,20,28,9,WVDVVLEHG,WVDVVLEHG,WVDVVLEHG,0.001324,13
HLA-A*02:01,1,24,32,9,VLEHGSCVT,VLEHGSCVT,VLEHGSCVT,0.001299,13
HLA-A*01:01,1,311,319,9,EVAETQHGT,EVAETQHGT,EVAETQHGT,0.001298,13
HLA-A*01:01,1,262,270,9,TALTGATEI,TALTGATEI,TALTGATEI,0.001264,13
HLA-A*02:01,1,344,352,9,GVTQNGRLI,GVTQNGRLI,GVTQNGRLI,0.001262,13
HLA-A*01:01,1,252,260,9,VLGSQEGAM,VLGSQEGAM,VLGSQEGAM,0.00125,13
HLA-A*01:01,1,96,104,9,FVDRGWGNG,FVDRGWGNG,FVDRGWGNG,0.001239,13
HLA-A*01:01,1,48,56,9,TEVTNPAVL,TEVTNPAVL,TEVTNPAVL,0.001218,13
HLA-A*01:01,1,11,19,9,FVEGLSGAT,FVEGLSGAT,FVEGLSGAT,0.001209,13
HLA-A*01:01,1,338,346,9,STQDEKGVT,STQDEKGVT,STQDEKGVT,0.001204,13
HLA-A*02:01,1,316,324,9,QHGTVLVQV,QHGTVLVQV,QHGTVLVQV,0.00119,13
HLA-A*01:01,1,221,229,9,TSGASTSQE,TSGASTSQE,TSGASTSQE,0.001183,14
HLA-A*01:01,1,253,261,9,LGSQEGAMH,LGSQEGAMH,LGSQEGAMH,0.00118,14
HLA-A*02:01,1,4,12,9,VGIGNRDFV,VGIGNRDFV,VGIGNRDFV,0.001176,13
HLA-A*02:01,1,279,287,9,FAGHLKCRL,FAGHLKCRL,FAGHLKCRL,0.001164,14
HLA-A*01:01,1,145,153,9,TGDQHQVGN,TGDQHQVGN,TGDQHQVGN,0.001139,14
HLA-A*01:01,1,51,59,9,TNPAVLRKL,TNPAVLRKL,TNPAVLRKL,0.001128,14
HLA-A*01:01,1,438,446,9,QVFGTAYGV,QVFGTAYGV,QVFGTAYGV,0.001123,14
HLA-A*02:01,1,311,319,9,EVAETQHGT,EVAETQHGT,EVAETQHGT,0.00112,14
HLA-A*01:01,1,131,139,9,QYENLKYSV,QYENLKYSV,QYENLKYSV,0.001118,14
HLA-A*02:01,1,131,139,9,QYENLKYSV,QYENLKYSV,QYENLKYSV,0.001117,14
HLA-A*02:01,1,245,253,9,AKKQEVVVL,AKKQEVVVL,AKKQEVVVL,0.001111,14
HLA-A*01:01,1,38,46,9,KPTLDIELL,KPTLDIELL,KPTLDIELL,0.001108,14
HLA-A*01:01,1,26,34,9,EHGSCVTTM,EHGSCVTTM,EHGSCVTTM,0.001103,14
HLA-A*01:01,1,279,287,9,FAGHLKCRL,FAGHLKCRL,FAGHLKCRL,0.001094,14
HLA-A*02:01,1,471,479,9,RSTSLSMTC,RSTSLSMTC,RSTSLSMTC,0.001091,14
HLA-A*01:01,1,83,91,9,VEEQDANFV,VEEQDANFV,VEEQDANFV,0.001085,14
HLA-A*01:01,1,137,145,9,YSVIVTVHT,YSVIVTVHT,YSVIVTVHT,0.001084,14
HLA-A*01:01,1,244,252,9,HAKKQEVVV,HAKKQEVVV,HAKKQEVVV,0.001082,14
HLA-A*01:01,1,477,485,9,MTCVAVGMV,MTCVAVGMV,MTCVAVGMV,0.001061,14
HLA-A*01:01,1,430,438,9,TSVGKLVHQ,TSVGKLVHQ,TSVGKLVHQ,0.001053,15
HLA-A*01:01,1,243,251,9,AHAKKQEVV,AHAKKQEVV,AHAKKQEVV,0.001044,15
HLA-A*02:01,1,163,171,9,TITPQAPTS,TITPQAPTS,TITPQAPTS,0.001037,14
HLA-A*01:01,1,256,264,9,QEGAMHTAL,QEGAMHTAL,QEGAMHTAL,0.001035,15
HLA-A*01:01,1,183,191,9,LDCSPRTGL,LDCSPRTGL,LDCSPRTGL,0.001027,15
HLA-A*02:01,1,188,196,9,RTGLDFNEM,RTGLDFNEM,RTGLDFNEM,0.001014,14
HLA-A*02:01,1,351,359,9,LITANPIVT,LITANPIVT,LITANPIVT,0.001009,14
HLA-A*02:01,1,272,280,9,TSGTTTIFA,TSGTTTIFA,TSGTTTIFA,0.001009,14
HLA-A*01:01,1,136,144,9,KYSVIVTVH,KYSVIVTVH,KYSVIVTVH,0.001001,15
HLA-A*01:01,1,182,190,9,TLDCSPRTG,TLDCSPRTG,TLDCSPRTG,0.000962,15
HLA-A*02:01,1,313,321,9,AETQHGTVL,AETQHGTVL,AETQHGTVL,0.000957,15
HLA-A*02:01,1,143,151,9,VHTGDQHQV,VHTGDQHQV,VHTGDQHQV,0.000944,15
HLA-A*02:01,1,7,15,9,GNRDFVEGL,GNRDFVEGL,GNRDFVEGL,0.000943,15
HLA-A*02:01,1,38,46,9,KPTLDIELL,KPTLDIELL,KPTLDIELL,0.000935,15
HLA-A*01:01,1,181,189,9,LTLDCSPRT,LTLDCSPRT,LTLDCSPRT,0.000932,16
HLA-A*01:01,1,88,96,9,ANFVCRRTF,ANFVCRRTF,ANFVCRRTF,0.000924,16
HLA-A*01:01,1,337,345,9,FSTQDEKGV,FSTQDEKGV,FSTQDEKGV,0.000911,16
HLA-A*01:01,1,24,32,9,VLEHGSCVT,VLEHGSCVT,VLEHGSCVT,0.000903,16
HLA-A*02:01,1,318,326,9,GTVLVQVKY,GTVLVQVKY,GTVLVQVKY,0.000875,15
HLA-A*01:01,1,304,312,9,GSFKLEKEV,GSFKLEKEV,GSFKLEKEV,0.000874,16
HLA-A*01:01,1,316,324,9,QHGTVLVQV,QHGTVLVQV,QHGTVLVQV,0.000864,16
HLA-A*02:01,1,225,233,9,STSQETWNR,STSQETWNR,STSQETWNR,0.000856,15
HLA-A*02:01,1,10,18,9,DFVEGLSGA,DFVEGLSGA,DFVEGLSGA,0.000854,15
HLA-A*02:01,1,19,27,9,TWVDVVLEH,TWVDVVLEH,TWVDVVLEH,0.00085,15
HLA-A*01:01,1,80,88,9,ATLVEEQDA,ATLVEEQDA,ATLVEEQDA,0.000844,17
HLA-A*01:01,1,3,11,9,CVGIGNRDF,CVGIGNRDF,CVGIGNRDF,0.000843,17
HLA-A*02:01,1,165,173,9,TPQAPTSEI,TPQAPTSEI,TPQAPTSEI,0.000841,15
HLA-A*02:01,1,202,210,9,KEKSWLVHK,KEKSWLVHK,KEKSWLVHK,0.000838,15
HLA-A*01:01,1,18,26,9,ATWVDVVLE,ATWVDVVLE,ATWVDVVLE,0.000834,17
HLA-A*02:01,1,129,137,9,IVQYENLKY,IVQYENLKY,IVQYENLKY,0.000825,15
HLA-A*02:01,1,48,56,9,TEVTNPAVL,TEVTNPAVL,TEVTNPAVL,0.000823,15
HLA-A*01:01,1,451,459,9,VSWTMKIGI,VSWTMKIGI,VSWTMKIGI,0.00082,17
HLA-A*02:01,1,236,244,9,LLVTFKTAH,LLVTFKTAH,LLVTFKTAH,0.000812,16
HLA-A*02:01,1,480,488,9,VAVGMVTLY,VAVGMVTLY,VAVGMVTLY,0.000808,16
HLA-A*02:01,1,114,122,9,LTCAKFKCV,LTCAKFKCV,LTCAKFKCV,0.000794,16
HLA-A*01:01,1,365,373,9,VNIETEPPF,VNIETEPPF,VNIETEPPF,0.000774,17
HLA-A*01:01,1,61,69,9,IEAKISNTT,IEAKISNTT,IEAKISNTT,0.000768,17
HLA-A*01:01,1,189,197,9,TGLDFNEMV,TGLDFNEMV,TGLDFNEMV,0.000763,17
HLA-A*01:01,1,74,82,9,CPTQGEATL,CPTQGEATL,CPTQGEATL,0.000758,18
HLA-A*01:01,1,205,213,9,SWLVHKQWF,SWLVHKQWF,SWLVHKQWF,0.000755,18
HLA-A*02:01,1,212,220,9,WFLDLPLPW,WFLDLPLPW,WFLDLPLPW,0.000744,16
HLA-A*01:01,1,361,369,9,KEKPVNIET,KEKPVNIET,KEKPVNIET,0.000744,18
HLA-A*01:01,1,449,457,9,SGVSWTMKI,SGVSWTMKI,SGVSWTMKI,0.000742,18
HLA-A*01:01,1,474,482,9,SLSMTCVAV,SLSMTCVAV,SLSMTCVAV,0.000741,18
HLA-A*01:01,1,162,170,9,ATITPQAPT,ATITPQAPT,ATITPQAPT,0.000736,18
HLA-A*02:01,1,271,279,9,QTSGTTTIF,QTSGTTTIF,QTSGTTTIF,0.000731,16
HLA-A*01:01,1,352,360,9,ITANPIVTD,ITANPIVTD,ITANPIVTD,0.000731,18
HLA-A*02:01,1,457,465,9,IGIGILLTW,IGIGILLTW,IGIGILLTW,0.000729,16
HLA-A*01:01,1,16,24,9,SGATWVDVV,SGATWVDVV,SGATWVDVV,0.000709,18
HLA-A*02:01,1,388,396,9,KLSWFKRGS,KLSWFKRGS,KLSWFKRGS,0.000708,16
HLA-A*01:01,1,344,352,9,GVTQNGRLI,GVTQNGRLI,GVTQNGRLI,0.000706,18
HLA-A*01:01,1,326,334,9,YEGTDAPCK,YEGTDAPCK,YEGTDAPCK,0.000704,18
HLA-A*02:01,1,359,367,9,TDKEKPVNI,TDKEKPVNI,TDKEKPVNI,0.000696,17
HLA-A*01:01,1,423,431,9,GSIGGVFTS,GSIGGVFTS,GSIGGVFTS,0.000693,18
HLA-A*02:01,1,238,246,9,VTFKTAHAK,VTFKTAHAK,VTFKTAHAK,0.00069,17
HLA-A*01:01,1,122,130,9,VTKLEGKIV,VTKLEGKIV,VTKLEGKIV,0.000685,19
HLA-A*02:01,1,138,146,9,SVIVTVHTG,SVIVTVHTG,SVIVTVHTG,0.00067,17
HLA-A*02:01,1,198,206,9,LLTMKEKSW,LLTMKEKSW,LLTMKEKSW,0.000666,17
HLA-A*01:01,1,174,182,9,QLTDYGALT,QLTDYGALT,QLTDYGALT,0.000653,19
HLA-A*01:01,1,403,411,9,EATARGARR,EATARGARR,EATARGARR,0.000652,19
HLA-A*01:01,1,479,487,9,CVAVGMVTL,CVAVGMVTL,CVAVGMVTL,0.000636,19
HLA-A*02:01,1,243,251,9,AHAKKQEVV,AHAKKQEVV,AHAKKQEVV,0.00063,17
HLA-A*01:01,1,269,277,9,EIQTSGTTT,EIQTSGTTT,EIQTSGTTT,0.00063,19
HLA-A*02:01,1,51,59,9,TNPAVLRKL,TNPAVLRKL,TNPAVLRKL,0.000622,17
HLA-A*01:01,1,427,435,9,GVFTSVGKL,GVFTSVGKL,GVFTSVGKL,0.000611,20
HLA-A*01:01,1,144,152,9,HTGDQHQVG,HTGDQHQVG,HTGDQHQVG,0.000601,20
HLA-A*01:01,1,377,385,9,YIVVGAGEK,YIVVGAGEK,YIVVGAGEK,0.000595,20
HLA-A*02:01,1,369,377,9,TEPPFGESY,TEPPFGESY,TEPPFGESY,0.000592,18
HLA-A*02:01,1,211,219,9,QWFLDLPLP,QWFLDLPLP,QWFLDLPLP,0.000592,18
HLA-A*02:01,1,230,238,9,TWNRQDLLV,TWNRQDLLV,TWNRQDLLV,0.000588,18
HLA-A*01:01,1,402,410,9,FEATARGAR,FEATARGAR,FEATARGAR,0.000588,20
HLA-A*01:01,1,194,202,9,NEMVLLTMK,NEMVLLTMK,NEMVLLTMK,0.00058,20
HLA-A*02:01,1,312,320,9,VAETQHGTV,VAETQHGTV,VAETQHGTV,0.000578,18
HLA-A*02:01,1,463,471,9,LTWLGLNSR,LTWLGLNSR,LTWLGLNSR,0.000575,18
HLA-A*02:01,1,420,428,9,WDFGSIGGV,WDFGSIGGV,WDFGSIGGV,0.000571,18
HLA-A*02:01,1,193,201,9,FNEMVLLTM,FNEMVLLTM,FNEMVLLTM,0.000558,18
HLA-A*01:01,1,222,230,9,SGASTSQET,SGASTSQET,SGASTSQET,0.000558,21
HLA-A*01:01,1,380,388,9,VGAGEKALK,VGAGEKALK,VGAGEKALK,0.000555,21
HLA-A*01:01,1,60,68,9,CIEAKISNT,CIEAKISNT,CIEAKISNT,0.000554,21
HLA-A*01:01,1,264,272,9,LTGATEIQT,LTGATEIQT,LTGATEIQT,0.000548,21
HLA-A*01:01,1,192,200,9,DFNEMVLLT,DFNEMVLLT,DFNEMVLLT,0.000548,21
HLA-A*02:01,1,132,140,9,YENLKYSVI,YENLKYSVI,YENLKYSVI,0.000544,18
HLA-A*01:01,1,420,428,9,WDFGSIGGV,WDFGSIGGV,WDFGSIGGV,0.000542,21
HLA-A*01:01,1,327,335,9,EGTDAPCKI,EGTDAPCKI,EGTDAPCKI,0.000539,21
HLA-A*01:01,1,384,392,9,EKALKLSWF,EKALKLSWF,EKALKLSWF,0.000535,21
HLA-A*01:01,1,236,244,9,LLVTFKTAH,LLVTFKTAH,LLVTFKTAH,0.000534,21
HLA-A*01:01,1,428,436,9,VFTSVGKLV,VFTSVGKLV,VFTSVGKLV,0.000533,21
HLA-A*02:01,1,386,394,9,ALKLSWFKR,ALKLSWFKR,ALKLSWFKR,0.000531,18
HLA-A*01:01,1,169,177,9,PTSEIQLTD,PTSEIQLTD,PTSEIQLTD,0.000531,21
HLA-A*02:01,1,469,477,9,NSRSTSLSM,NSRSTSLSM,NSRSTSLSM,0.000529,18
HLA-A*02:01,1,404,412,9,ATARGARRM,ATARGARRM,ATARGARRM,0.000529,18
HLA-A*01:01,1,228,236,9,QETWNRQDL,QETWNRQDL,QETWNRQDL,0.000529,22
HLA-A*01:01,1,201,209,9,MKEKSWLVH,MKEKSWLVH,MKEKSWLVH,0.000522,22
HLA-A*01:01,1,237,245,9,LVTFKTAHA,LVTFKTAHA,LVTFKTAHA,0.000521,22
HLA-A*01:01,1,245,253,9,AKKQEVVVL,AKKQEVVVL,AKKQEVVVL,0.000519,22
HLA-A*02:01,1,216,224,9,LPLPWTSGA,LPLPWTSGA,LPLPWTSGA,0.000506,19
HLA-A*02:01,1,263,271,9,ALTGATEIQ,ALTGATEIQ,ALTGATEIQ,0.000505,19
HLA-A*01:01,1,142,150,9,TVHTGDQHQ,TVHTGDQHQ,TVHTGDQHQ,0.000505,22
HLA-A*02:01,1,37,45,9,NKPTLDIEL,NKPTLDIEL,NKPTLDIEL,0.000504,19
HLA-A*01:01,1,317,325,9,HGTVLVQVK,HGTVLVQVK,HGTVLVQVK,0.0005,22
HLA-A*02:01,1,254,262,9,GSQEGAMHT,GSQEGAMHT,GSQEGAMHT,0.000496,19
HLA-A*01:01,1,114,122,9,LTCAKFKCV,LTCAKFKCV,LTCAKFKCV,0.000496,22
HLA-A*01:01,1,133,141,9,ENLKYSVIV,ENLKYSVIV,ENLKYSVIV,0.000494,22
HLA-A*02:01,1,13,21,9,EGLSGATWV,EGLSGATWV,EGLSGATWV,0.000489,19
HLA-A*01:01,1,378,386,9,IVVGAGEKA,IVVGAGEKA,IVVGAGEKA,0.000487,23
HLA-A*02:01,1,75,83,9,PTQGEATLV,PTQGEATLV,PTQGEATLV,0.000475,19
HLA-A*01:01,1,315,323,9,TQHGTVLVQ,TQHGTVLVQ,TQHGTVLVQ,0.000474,23
HLA-A*01:01,1,386,394,9,ALKLSWFKR,ALKLSWFKR,ALKLSWFKR,0.000473,23
HLA-A*01:01,1,128,136,9,KIVQYENLK,KIVQYENLK,KIVQYENLK,0.00047,23
HLA-A*01:01,1,411,419,9,RMAILGDTA,RMAILGDTA,RMAILGDTA,0.000467,23
HLA-A*01:01,1,393,401,9,KRGSSIGKM,KRGSSIGKM,KRGSSIGKM,0.000466,23
HLA-A*01:01,1,281,289,9,GHLKCRLKM,GHLKCRLKM,GHLKCRLKM,0.000463,23
HLA-A*02:01,1,441,449,9,GTAYGVLFS,GTAYGVLFS,GTAYGVLFS,0.000454,20
HLA-A*01:01,1,331,339,9,APCKIPFST,APCKIPFST,APCKIPFST,0.000448,24
HLA-A*01:01,1,235,243,9,DLLVTFKTA,DLLVTFKTA,DLLVTFKTA,0.000446,24
HLA-A*02:01,1,315,323,9,TQHGTVLVQ,TQHGTVLVQ,TQHGTVLVQ,0.00044,20
HLA-A*01:01,1,455,463,9,MKIGIGILL,MKIGIGILL,MKIGIGILL,0.000438,24
HLA-A*01:01,1,277,285,9,TIFAGHLKC,TIFAGHLKC,TIFAGHLKC,0.000438,24
HLA-A*01:01,1,257,265,9,EGAMHTALT,EGAMHTALT,EGAMHTALT,0.000436,24
HLA-A*02:01,1,14,22,9,GLSGATWVD,GLSGATWVD,GLSGATWVD,0.000433,20
HLA-A*01:01,1,172,180,9,EIQLTDYGA,EIQLTDYGA,EIQLTDYGA,0.000429,24
HLA-A*02:01,1,275,283,9,TTTIFAGHL,TTTIFAGHL,TTTIFAGHL,0.000426,20
HLA-A*01:01,1,265,273,9,TGATEIQTS,TGATEIQTS,TGATEIQTS,0.000424,24
HLA-A*02:01,1,18,26,9,ATWVDVVLE,ATWVDVVLE,ATWVDVVLE,0.000421,20
HLA-A*01:01,1,153,161,9,NETTEHGTI,NETTEHGTI,NETTEHGTI,0.000418,25
HLA-A*01:01,1,37,45,9,NKPTLDIEL,NKPTLDIEL,NKPTLDIEL,0.000415,25
HLA-A*01:01,1,484,492,9,MVTLYLGVM,MVTLYLGVM,MVTLYLGVM,0.000412,25
HLA-A*01:01,1,366,374,9,NIETEPPFG,NIETEPPFG,NIETEPPFG,0.000412,25
HLA-A*01:01,1,298,306,9,SYVMCTGSF,SYVMCTGSF,SYVMCTGSF,0.000409,25
HLA-A*01:01,1,31,39,9,VTTMAKNKP,VTTMAKNKP,VTTMAKNKP,0.000409,25
HLA-A*01:01,1,407,415,9,RGARRMAIL,RGARRMAIL,RGARRMAIL,0.000407,25
HLA-A*02:01,1,412,420,9,MAILGDTAW,MAILGDTAW,MAILGDTAW,0.000404,21
HLA-A*02:01,1,85,93,9,EQDANFVCR,EQDANFVCR,EQDANFVCR,0.000404,21
HLA-A*01:01,1,214,222,9,LDLPLPWTS,LDLPLPWTS,LDLPLPWTS,0.000404,25
HLA-A*01:01,1,15,23,9,LSGATWVDV,LSGATWVDV,LSGATWVDV,0.000404,25
HLA-A*02:01,1,443,451,9,AYGVLFSGV,AYGVLFSGV,AYGVLFSGV,0.000403,21
HLA-A*01:01,1,168,176,9,APTSEIQLT,APTSEIQLT,APTSEIQLT,0.000403,25
HLA-A*02:01,1,172,180,9,EIQLTDYGA,EIQLTDYGA,EIQLTDYGA,0.000401,21
HLA-A*01:01,1,401,409,9,MFEATARGA,MFEATARGA,MFEATARGA,0.0004,25
HLA-A*02:01,1,183,191,9,LDCSPRTGL,LDCSPRTGL,LDCSPRTGL,0.000397,21
HLA-A*01:01,1,406,414,9,ARGARRMAI,ARGARRMAI,ARGARRMAI,0.000396,25
HLA-A*02:01,1,353,361,9,TANPIVTDK,TANPIVTDK,TANPIVTDK,0.000392,21
HLA-A*01:01,1,76,84,9,TQGEATLVE,TQGEATLVE,TQGEATLVE,0.000392,25
HLA-A*01:01,1,350,358,9,RLITANPIV,RLITANPIV,RLITANPIV,0.000386,26
HLA-A*01:01,1,163,171,9,TITPQAPTS,TITPQAPTS,TITPQAPTS,0.000386,26
HLA-A*01:01,1,99,107,9,RGWGNGCGL,RGWGNGCGL,RGWGNGCGL,0.000386,26
HLA-A*01:01,1,259,267,9,AMHTALTGA,AMHTALTGA,AMHTALTGA,0.000384,26
HLA-A*01:01,1,100,108,9,GWGNGCGLF,GWGNGCGLF,GWGNGCGLF,0.000383,26
HLA-A*02:01,1,128,136,9,KIVQYENLK,KIVQYENLK,KIVQYENLK,0.000381,21
HLA-A*02:01,1,122,130,9,VTKLEGKIV,VTKLEGKIV,VTKLEGKIV,0.000379,21
HLA-A*01:01,1,208,216,9,VHKQWFLDL,VHKQWFLDL,VHKQWFLDL,0.000378,26
HLA-A*01:01,1,112,120,9,SLLTCAKFK,SLLTCAKFK,SLLTCAKFK,0.000376,26
HLA-A*01:01,1,7,15,9,GNRDFVEGL,GNRDFVEGL,GNRDFVEGL,0.000375,26
HLA-A*01:01,1,390,398,9,SWFKRGSSI,SWFKRGSSI,SWFKRGSSI,0.000374,26
HLA-A*01:01,1,68,76,9,TTTDSRCPT,TTTDSRCPT,TTTDSRCPT,0.000374,26
HLA-A*01:01,1,159,167,9,GTIATITPQ,GTIATITPQ,GTIATITPQ,0.000372,26
HLA-A*01:01,1,216,224,9,LPLPWTSGA,LPLPWTSGA,LPLPWTSGA,0.00037,26
HLA-A*01:01,1,196,204,9,MVLLTMKEK,MVLLTMKEK,MVLLTMKEK,0.00037,26
HLA-A*01:01,1,4,12,9,VGIGNRDFV,VGIGNRDFV,VGIGNRDFV,0.000369,26
HLA-A*02:01,1,204,212,9,KSWLVHKQW,KSWLVHKQW,KSWLVHKQW,0.000368,21
HLA-A*02:01,1,196,204,9,MVLLTMKEK,MVLLTMKEK,MVLLTMKEK,0.000362,21
HLA-A*02:01,1,417,425,9,DTAWDFGSI,DTAWDFGSI,DTAWDFGSI,0.00036,21
HLA-A*02:01,1,295,303,9,KGMSYVMCT,KGMSYVMCT,KGMSYVMCT,0.000357,21
HLA-A*01:01,1,395,403,9,GSSIGKMFE,GSSIGKMFE,GSSIGKMFE,0.000357,27
HLA-A*02:01,1,133,141,9,ENLKYSVIV,ENLKYSVIV,ENLKYSVIV,0.000354,22
HLA-A*02:01,1,473,481,9,TSLSMTCVA,TSLSMTCVA,TSLSMTCVA,0.000352,22
HLA-A*02:01,1,398,406,9,IGKMFEATA,IGKMFEATA,IGKMFEATA,0.000351,22
HLA-A*01:01,1,454,462,9,TMKIGIGIL,TMKIGIGIL,TMKIGIGIL,0.000348,27
HLA-A*02:01,1,121,129,9,CVTKLEGKI,CVTKLEGKI,CVTKLEGKI,0.000346,22
HLA-A*01:01,1,308,316,9,LEKEVAETQ,LEKEVAETQ,LEKEVAETQ,0.000345,27
HLA-A*02:01,1,383,391,9,GEKALKLSW,GEKALKLSW,GEKALKLSW,0.00034,22
HLA-A*01:01,1,62,70,9,EAKISNTTT,EAKISNTTT,EAKISNTTT,0.000338,28
HLA-A*02:01,1,385,393,9,KALKLSWFK,KALKLSWFK,KALKLSWFK,0.000336,22
HLA-A*01:01,1,116,124,9,CAKFKCVTK,CAKFKCVTK,CAKFKCVTK,0.000336,28
HLA-A*02:01,1,374,382,9,GESYIVVGA,GESYIVVGA,GESYIVVGA,0.000332,22
HLA-A*01:01,1,287,295,9,LKMDKLTLK,LKMDKLTLK,LKMDKLTLK,0.000331,28
HLA-A*02:01,1,11,19,9,FVEGLSGAT,FVEGLSGAT,FVEGLSGAT,0.000329,22
HLA-A*01:01,1,35,43,9,AKNKPTLDI,AKNKPTLDI,AKNKPTLDI,0.000325,28
HLA-A*01:01,1,210,218,9,KQWFLDLPL,KQWFLDLPL,KQWFLDLPL,0.000323,28
HLA-A*02:01,1,284,292,9,KCRLKMDKL,KCRLKMDKL,KCRLKMDKL,0.000322,22
HLA-A*01:01,1,476,484,9,SMTCVAVGM,SMTCVAVGM,SMTCVAVGM,0.000321,28
HLA-A*02:01,1,60,68,9,CIEAKISNT,CIEAKISNT,CIEAKISNT,0.000319,22
HLA-A*01:01,1,71,79,9,DSRCPTQGE,DSRCPTQGE,DSRCPTQGE,0.000316,29
HLA-A*02:01,1,365,373,9,VNIETEPPF,VNIETEPPF,VNIETEPPF,0.000312,22
HLA-A*02:01,1,80,88,9,ATLVEEQDA,ATLVEEQDA,ATLVEEQDA,0.000312,22
HLA-A*01:01,1,405,413,9,TARGARRMA,TARGARRMA,TARGARRMA,0.000309,29
HLA-A*02:01,1,111,119,9,GSLLTCAKF,GSLLTCAKF,GSLLTCAKF,0.000308,23
HLA-A*02:01,1,74,82,9,CPTQGEATL,CPTQGEATL,CPTQGEATL,0.000308,23
HLA-A*01:01,1,435,443,9,LVHQVFGTA,LVHQVFGTA,LVHQVFGTA,0.000307,29
HLA-A*02:01,1,264,272,9,LTGATEIQT,LTGATEIQT,LTGATEIQT,0.000305,23
HLA-A*01:01,1,27,35,9,HGSCVTTMA,HGSCVTTMA,HGSCVTTMA,0.000304,29
HLA-A*01:01,1,161,169,9,IATITPQAP,IATITPQAP,IATITPQAP,0.000302,29
HLA-A*02:01,1,155,163,9,TTEHGTIAT,TTEHGTIAT,TTEHGTIAT,0.000301,23
HLA-A*01:01,1,107,115,9,LFGKGSLLT,LFGKGSLLT,LFGKGSLLT,0.000301,29
HLA-A*02:01,1,223,231,9,GASTSQETW,GASTSQETW,GASTSQETW,0.000298,23
HLA-A*01:01,1,379,387,9,VVGAGEKAL,VVGAGEKAL,VVGAGEKAL,0.000296,29
HLA-A*01:01,1,251,259,9,VVLGSQEGA,VVLGSQEGA,VVLGSQEGA,0.000293,30
HLA-A*01:01,1,370,378,9,EPPFGESYI,EPPFGESYI,EPPFGESYI,0.000291,30
HLA-A*02:01,1,484,492,9,MVTLYLGVM,MVTLYLGVM,MVTLYLGVM,0.00029,23
HLA-A*02:01,1,182,190,9,TLDCSPRTG,TLDCSPRTG,TLDCSPRTG,0.00029,23
HLA-A*01:01,1,357,365,9,IVTDKEKPV,IVTDKEKPV,IVTDKEKPV,0.000288,30
HLA-A*02:01,1,287,295,9,LKMDKLTLK,LKMDKLTLK,LKMDKLTLK,0.000286,23
HLA-A*01:01,1,234,242,9,QDLLVTFKT,QDLLVTFKT,QDLLVTFKT,0.000286,30
HLA-A*01:01,1,32,40,9,TTMAKNKPT,TTMAKNKPT,TTMAKNKPT,0.000286,30
HLA-A*02:01,1,442,450,9,TAYGVLFSG,TAYGVLFSG,TAYGVLFSG,0.000283,23
HLA-A*02:01,1,49,57,9,EVTNPAVLR,EVTNPAVLR,EVTNPAVLR,0.00028,23
HLA-A*01:01,1,77,85,9,QGEATLVEE,QGEATLVEE,QGEATLVEE,0.00028,30
HLA-A*02:01,1,15,23,9,LSGATWVDV,LSGATWVDV,LSGATWVDV,0.000279,23
HLA-A*02:01,1,192,200,9,DFNEMVLLT,DFNEMVLLT,DFNEMVLLT,0.000278,23
HLA-A*01:01,1,422,430,9,FGSIGGVFT,FGSIGGVFT,FGSIGGVFT,0.000275,31
HLA-A*01:01,1,17,25,9,GATWVDVVL,GATWVDVVL,GATWVDVVL,0.000272,31
HLA-A*01:01,1,374,382,9,GESYIVVGA,GESYIVVGA,GESYIVVGA,0.000268,31
HLA-A*02:01,1,422,430,9,FGSIGGVFT,FGSIGGVFT,FGSIGGVFT,0.000267,24
HLA-A*01:01,1,135,143,9,LKYSVIVTV,LKYSVIVTV,LKYSVIVTV,0.000265,31
HLA-A*01:01,1,468,476,9,LNSRSTSLS,LNSRSTSLS,LNSRSTSLS,0.000264,31
HLA-A*01:01,1,67,75,9,NTTTDSRCP,NTTTDSRCP,NTTTDSRCP,0.000264,31
HLA-A*02:01,1,377,385,9,YIVVGAGEK,YIVVGAGEK,YIVVGAGEK,0.000263,24
HLA-A*02:01,1,39,47,9,PTLDIELLK,PTLDIELLK,PTLDIELLK,0.000263,24
HLA-A*02:01,1,149,157,9,HQVGNETTE,HQVGNETTE,HQVGNETTE,0.00026,24
HLA-A*01:01,1,147,155,9,DQHQVGNET,DQHQVGNET,DQHQVGNET,0.000256,32
HLA-A*01:01,1,78,86,9,GEATLVEEQ,GEATLVEEQ,GEATLVEEQ,0.000254,32
HLA-A*01:01,1,13,21,9,EGLSGATWV,EGLSGATWV,EGLSGATWV,0.000252,32
HLA-A*01:01,1,446,454,9,VLFSGVSWT,VLFSGVSWT,VLFSGVSWT,0.00025,32
HLA-A*01:01,1,486,494,9,TLYLGVMVQ,TLYLGVMVQ,TLYLGVMVQ,0.000249,32
HLA-A*01:01,1,121,129,9,CVTKLEGKI,CVTKLEGKI,CVTKLEGKI,0.000248,32
HLA-A*02:01,1,276,284,9,TTIFAGHLK,TTIFAGHLK,TTIFAGHLK,0.000245,25
HLA-A*02:01,1,76,84,9,TQGEATLVE,TQGEATLVE,TQGEATLVE,0.000245,25
HLA-A*02:01,1,407,415,9,RGARRMAIL,RGARRMAIL,RGARRMAIL,0.000243,25
HLA-A*02:01,1,430,438,9,TSVGKLVHQ,TSVGKLVHQ,TSVGKLVHQ,0.000242,25
HLA-A*01:01,1,268,276,9,TEIQTSGTT,TEIQTSGTT,TEIQTSGTT,0.000242,33
HLA-A*02:01,1,247,255,9,KQEVVVLGS,KQEVVVLGS,KQEVVVLGS,0.00024,25
HLA-A*02:01,1,154,162,9,ETTEHGTIA,ETTEHGTIA,ETTEHGTIA,0.00024,25
HLA-A*01:01,1,323,331,9,QVKYEGTDA,QVKYEGTDA,QVKYEGTDA,0.000235,33
HLA-A*01:01,1,263,271,9,ALTGATEIQ,ALTGATEIQ,ALTGATEIQ,0.000234,33
HLA-A*02:01,1,361,369,9,KEKPVNIET,KEKPVNIET,KEKPVNIET,0.000232,25
HLA-A*01:01,1,284,292,9,KCRLKMDKL,KCRLKMDKL,KCRLKMDKL,0.00023,34
HLA-A*01:01,1,117,125,9,AKFKCVTKL,AKFKCVTKL,AKFKCVTKL,0.00023,34
HLA-A*02:01,1,299,307,9,YVMCTGSFK,YVMCTGSFK,YVMCTGSFK,0.000227,25
HLA-A*02:01,1,164,172,9,ITPQAPTSE,ITPQAPTSE,ITPQAPTSE,0.000224,25
HLA-A*01:01,1,110,118,9,KGSLLTCAK,KGSLLTCAK,KGSLLTCAK,0.000222,34
HLA-A*01:01,1,426,434,9,GGVFTSVGK,GGVFTSVGK,GGVFTSVGK,0.000219,34
HLA-A*02:01,1,112,120,9,SLLTCAKFK,SLLTCAKFK,SLLTCAKFK,0.000217,26
HLA-A*01:01,1,166,174,9,PQAPTSEIQ,PQAPTSEIQ,PQAPTSEIQ,0.000215,35
HLA-A*02:01,1,180,188,9,ALTLDCSPR,ALTLDCSPR,ALTLDCSPR,0.000214,26
HLA-A*02:01,1,352,360,9,ITANPIVTD,ITANPIVTD,ITANPIVTD,0.000211,26
HLA-A*01:01,1,483,491,9,GMVTLYLGV,GMVTLYLGV,GMVTLYLGV,0.000208,35
HLA-A*01:01,1,305,313,9,SFKLEKEVA,SFKLEKEVA,SFKLEKEVA,0.000208,35
HLA-A*02:01,1,208,216,9,VHKQWFLDL,VHKQWFLDL,VHKQWFLDL,0.000207,26
HLA-A*01:01,1,389,397,9,LSWFKRGSS,LSWFKRGSS,LSWFKRGSS,0.000207,35
HLA-A*02:01,1,429,437,9,FTSVGKLVH,FTSVGKLVH,FTSVGKLVH,0.000206,26
HLA-A*02:01,1,58,66,9,KLCIEAKIS,KLCIEAKIS,KLCIEAKIS,0.000204,26
HLA-A*01:01,1,239,247,9,TFKTAHAKK,TFKTAHAKK,TFKTAHAKK,0.000203,36
HLA-A*01:01,1,55,63,9,VLRKLCIEA,VLRKLCIEA,VLRKLCIEA,0.000202,36
HLA-A*02:01,1,296,304,9,GMSYVMCTG,GMSYVMCTG,GMSYVMCTG,0.0002,26
HLA-A*02:01,1,321,329,9,LVQVKYEGT,LVQVKYEGT,LVQVKYEGT,0.000198,27
HLA-A*02:01,1,222,230,9,SGASTSQET,SGASTSQET,SGASTSQET,0.000198,27
HLA-A*02:01,1,440,448,9,FGTAYGVLF,FGTAYGVLF,FGTAYGVLF,0.000194,27
HLA-A*02:01,1,83,91,9,VEEQDANFV,VEEQDANFV,VEEQDANFV,0.000194,27
HLA-A*02:01,1,370,378,9,EPPFGESYI,EPPFGESYI,EPPFGESYI,0.000193,27
HLA-A*02:01,1,32,40,9,TTMAKNKPT,TTMAKNKPT,TTMAKNKPT,0.000193,27
HLA-A*01:01,1,330,338,9,DAPCKIPFS,DAPCKIPFS,DAPCKIPFS,0.000191,37
HLA-A*01:01,1,343,351,9,KGVTQNGRL,KGVTQNGRL,KGVTQNGRL,0.00019,37
HLA-A*01:01,1,138,146,9,SVIVTVHTG,SVIVTVHTG,SVIVTVHTG,0.00019,37
HLA-A*01:01,1,87,95,9,DANFVCRRT,DANFVCRRT,DANFVCRRT,0.000186,37
HLA-A*02:01,1,278,286,9,IFAGHLKCR,IFAGHLKCR,IFAGHLKCR,0.000184,27
HLA-A*01:01,1,278,286,9,IFAGHLKCR,IFAGHLKCR,IFAGHLKCR,0.000182,37
HLA-A*02:01,1,331,339,9,APCKIPFST,APCKIPFST,APCKIPFST,0.000179,28
HLA-A*02:01,1,305,313,9,SFKLEKEVA,SFKLEKEVA,SFKLEKEVA,0.000179,28
HLA-A*01:01,1,456,464,9,KIGIGILLT,KIGIGILLT,KIGIGILLT,0.000177,38
HLA-A*02:01,1,195,203,9,EMVLLTMKE,EMVLLTMKE,EMVLLTMKE,0.000173,28
HLA-A*01:01,1,309,317,9,EKEVAETQH,EKEVAETQH,EKEVAETQH,0.00017,39
HLA-A*02:01,1,371,379,9,PPFGESYIV,PPFGESYIV,PPFGESYIV,0.000169,28
HLA-A*02:01,1,256,264,9,QEGAMHTAL,QEGAMHTAL,QEGAMHTAL,0.000169,28
HLA-A*01:01,1,45,53,9,LLKTEVTNP,LLKTEVTNP,LLKTEVTNP,0.000168,39
HLA-A*01:01,1,72,80,9,SRCPTQGEA,SRCPTQGEA,SRCPTQGEA,0.000165,39
HLA-A*02:01,1,161,169,9,IATITPQAP,IATITPQAP,IATITPQAP,0.000164,29
HLA-A*01:01,1,419,427,9,AWDFGSIGG,AWDFGSIGG,AWDFGSIGG,0.000164,39
HLA-A*01:01,1,130,138,9,VQYENLKYS,VQYENLKYS,VQYENLKYS,0.000164,39
HLA-A*02:01,1,394,402,9,RGSSIGKMF,RGSSIGKMF,RGSSIGKMF,0.000163,29
HLA-A*01:01,1,108,116,9,FGKGSLLTC,FGKGSLLTC,FGKGSLLTC,0.000155,40
HLA-A*01:01,1,30,38,9,CVTTMAKNK,CVTTMAKNK,CVTTMAKNK,0.000155,40
HLA-A*02:01,1,319,327,9,TVLVQVKYE,TVLVQVKYE,TVLVQVKYE,0.000154,29
HLA-A*02:01,1,69,77,9,TTDSRCPTQ,TTDSRCPTQ,TTDSRCPTQ,0.000154,29
HLA-A*01:01,1,241,249,9,KTAHAKKQE,KTAHAKKQE,KTAHAKKQE,0.000151,41
HLA-A*01:01,1,460,468,9,GILLTWLGL,GILLTWLGL,GILLTWLGL,0.00015,41
HLA-A*01:01,1,418,426,9,TAWDFGSIG,TAWDFGSIG,TAWDFGSIG,0.00015,41
HLA-A*01:01,1,340,348,9,QDEKGVTQN,QDEKGVTQN,QDEKGVTQN,0.00015,41
HLA-A*02:01,1,269,277,9,EIQTSGTTT,EIQTSGTTT,EIQTSGTTT,0.000149,29
HLA-A*01:01,1,173,181,9,IQLTDYGAL,IQLTDYGAL,IQLTDYGAL,0.000149,41
HLA-A*01:01,1,43,51,9,IELLKTEVT,IELLKTEVT,IELLKTEVT,0.000149,41
HLA-A*01:01,1,149,157,9,HQVGNETTE,HQVGNETTE,HQVGNETTE,0.000148,41
HLA-A*02:01,1,274,282,9,GTTTIFAGH,GTTTIFAGH,GTTTIFAGH,0.000146,30
HLA-A*01:01,1,224,232,9,ASTSQETWN,ASTSQETWN,ASTSQETWN,0.000146,41
HLA-A*01:01,1,218,226,9,LPWTSGAST,LPWTSGAST,LPWTSGAST,0.000145,42
HLA-A*02:01,1,328,336,9,GTDAPCKIP,GTDAPCKIP,GTDAPCKIP,0.000144,30
HLA-A*01:01,1,158,166,9,HGTIATITP,HGTIATITP,HGTIATITP,0.000143,42
HLA-A*02:01,1,261,269,9,HTALTGATE,HTALTGATE,HTALTGATE,0.000142,30
HLA-A*01:01,1,148,156,9,QHQVGNETT,QHQVGNETT,QHQVGNETT,0.000142,42
HLA-A*01:01,1,34,42,9,MAKNKPTLD,MAKNKPTLD,MAKNKPTLD,0.000141,42
HLA-A*02:01,1,214,222,9,LDLPLPWTS,LDLPLPWTS,LDLPLPWTS,0.00014,30
HLA-A*01:01,1,93,101,9,RRTFVDRGW,RRTFVDRGW,RRTFVDRGW,0.000139,42
HLA-A*01:01,1,10,18,9,DFVEGLSGA,DFVEGLSGA,DFVEGLSGA,0.000139,42
HLA-A*02:01,1,281,289,9,GHLKCRLKM,GHLKCRLKM,GHLKCRLKM,0.000138,30
HLA-A*02:01,1,159,167,9,GTIATITPQ,GTIATITPQ,GTIATITPQ,0.000138,30
HLA-A*02:01,1,323,331,9,QVKYEGTDA,QVKYEGTDA,QVKYEGTDA,0.000137,30
HLA-A*01:01,1,22,30,9,DVVLEHGSC,DVVLEHGSC,DVVLEHGSC,0.000137,43
HLA-A*02:01,1,345,353,9,VTQNGRLIT,VTQNGRLIT,VTQNGRLIT,0.000135,31
HLA-A*01:01,1,363,371,9,KPVNIETEP,KPVNIETEP,KPVNIETEP,0.000134,43
HLA-A*01:01,1,334,342,9,KIPFSTQDE,KIPFSTQDE,KIPFSTQDE,0.000134,43
HLA-A*01:01,1,321,329,9,LVQVKYEGT,LVQVKYEGT,LVQVKYEGT,0.000134,43
HLA-A*01:01,1,44,52,9,ELLKTEVTN,ELLKTEVTN,ELLKTEVTN,0.000133,43
HLA-A*02:01,1,327,335,9,EGTDAPCKI,EGTDAPCKI,EGTDAPCKI,0.000132,31
HLA-A*01:01,1,351,359,9,LITANPIVT,LITANPIVT,LITANPIVT,0.000131,44
HLA-A*01:01,1,81,89,9,TLVEEQDAN,TLVEEQDAN,TLVEEQDAN,0.000131,44
HLA-A*01:01,1,64,72,9,KISNTTTDS,KISNTTTDS,KISNTTTDS,0.000131,44
HLA-A*02:01,1,432,440,9,VGKLVHQVF,VGKLVHQVF,VGKLVHQVF,0.00013,31
HLA-A*02:01,1,147,155,9,DQHQVGNET,DQHQVGNET,DQHQVGNET,0.000129,31
HLA-A*01:01,1,195,203,9,EMVLLTMKE,EMVLLTMKE,EMVLLTMKE,0.000129,44
HLA-A*02:01,1,478,486,9,TCVAVGMVT,TCVAVGMVT,TCVAVGMVT,0.000127,31
HLA-A*02:01,1,44,52,9,ELLKTEVTN,ELLKTEVTN,ELLKTEVTN,0.000127,31
HLA-A*02:01,1,27,35,9,HGSCVTTMA,HGSCVTTMA,HGSCVTTMA,0.000127,31
HLA-A*01:01,1,211,219,9,QWFLDLPLP,QWFLDLPLP,QWFLDLPLP,0.000127,44
HLA-A*02:01,1,127,135,9,GKIVQYENL,GKIVQYENL,GKIVQYENL,0.000126,31
HLA-A*01:01,1,70,78,9,TDSRCPTQG,TDSRCPTQG,TDSRCPTQG,0.000126,44
HLA-A*02:01,1,343,351,9,KGVTQNGRL,KGVTQNGRL,KGVTQNGRL,0.000125,31
HLA-A*01:01,1,280,288,9,AGHLKCRLK,AGHLKCRLK,AGHLKCRLK,0.000125,44
HLA-A*02:01,1,372,380,9,PFGESYIVV,PFGESYIVV,PFGESYIVV,0.000124,32
HLA-A*01:01,1,178,186,9,YGALTLDCS,YGALTLDCS,YGALTLDCS,0.000124,45
HLA-A*01:01,1,487,495,9,LYLGVMVQA,LYLGVMVQA,LYLGVMVQA,0.000122,45
HLA-A*02:01,1,461,469,9,ILLTWLGLN,ILLTWLGLN,ILLTWLGLN,0.000121,32
HLA-A*02:01,1,26,34,9,EHGSCVTTM,EHGSCVTTM,EHGSCVTTM,0.000121,32
HLA-A*01:01,1,247,255,9,KQEVVVLGS,KQEVVVLGS,KQEVVVLGS,0.000121,45
HLA-A*01:01,1,97,105,9,VDRGWGNGC,VDRGWGNGC,VDRGWGNGC,0.000121,45
HLA-A*01:01,1,382,390,9,AGEKALKLS,AGEKALKLS,AGEKALKLS,0.00012,45
HLA-A*02:01,1,393,401,9,KRGSSIGKM,KRGSSIGKM,KRGSSIGKM,0.000119,32
HLA-A*01:01,1,297,305,9,MSYVMCTGS,MSYVMCTGS,MSYVMCTGS,0.000118,45
HLA-A*01:01,1,126,134,9,EGKIVQYEN,EGKIVQYEN,EGKIVQYEN,0.000118,45
HLA-A*02:01,1,368,376,9,ETEPPFGES,ETEPPFGES,ETEPPFGES,0.000117,32
HLA-A*02:01,1,349,357,9,GRLITANPI,GRLITANPI,GRLITANPI,0.000117,32
HLA-A*02:01,1,215,223,9,DLPLPWTSG,DLPLPWTSG,DLPLPWTSG,0.000117,32
HLA-A*01:01,1,125,133,9,LEGKIVQYE,LEGKIVQYE,LEGKIVQYE,0.000117,46
HLA-A*02:01,1,399,407,9,GKMFEATAR,GKMFEATAR,GKMFEATAR,0.000114,32
HLA-A*01:01,1,303,311,9,TGSFKLEKE,TGSFKLEKE,TGSFKLEKE,0.000114,46
HLA-A*01:01,1,249,257,9,EVVVLGSQE,EVVVLGSQE,EVVVLGSQE,0.000113,46
HLA-A*01:01,1,397,405,9,SIGKMFEAT,SIGKMFEAT,SIGKMFEAT,0.000112,47
HLA-A*01:01,1,140,148,9,IVTVHTGDQ,IVTVHTGDQ,IVTVHTGDQ,0.000111,47
HLA-A*02:01,1,439,447,9,VFGTAYGVL,VFGTAYGVL,VFGTAYGVL,0.00011,33
HLA-A*01:01,1,439,447,9,VFGTAYGVL,VFGTAYGVL,VFGTAYGVL,0.00011,47
HLA-A*02:01,1,401,409,9,MFEATARGA,MFEATARGA,MFEATARGA,0.000109,33
HLA-A*02:01,1,64,72,9,KISNTTTDS,KISNTTTDS,KISNTTTDS,0.000109,33
HLA-A*01:01,1,215,223,9,DLPLPWTSG,DLPLPWTSG,DLPLPWTSG,0.000109,47
HLA-A*02:01,1,65,73,9,ISNTTTDSR,ISNTTTDSR,ISNTTTDSR,0.000108,33
HLA-A*01:01,1,152,160,9,GNETTEHGT,GNETTEHGT,GNETTEHGT,0.000108,47
HLA-A*02:01,1,168,176,9,APTSEIQLT,APTSEIQLT,APTSEIQLT,0.000106,33
HLA-A*02:01,1,107,115,9,LFGKGSLLT,LFGKGSLLT,LFGKGSLLT,0.000106,33
HLA-A*01:01,1,354,362,9,ANPIVTDKE,ANPIVTDKE,ANPIVTDKE,0.000106,48
HLA-A*01:01,1,25,33,9,LEHGSCVTT,LEHGSCVTT,LEHGSCVTT,0.000106,48
HLA-A*02:01,1,35,43,9,AKNKPTLDI,AKNKPTLDI,AKNKPTLDI,0.000105,33
HLA-A*01:01,1,84,92,9,EEQDANFVC,EEQDANFVC,EEQDANFVC,0.000105,48
HLA-A*01:01,1,470,478,9,SRSTSLSMT,SRSTSLSMT,SRSTSLSMT,0.000103,48
HLA-A*01:01,1,134,142,9,NLKYSVIVT,NLKYSVIVT,NLKYSVIVT,0.000102,48
HLA-A*02:01,1,89,97,9,NFVCRRTFV,NFVCRRTFV,NFVCRRTFV,0.000101,34
HLA-A*01:01,1,400,408,9,KMFEATARG,KMFEATARG,KMFEATARG,0.000101,48
HLA-A*01:01,1,197,205,9,VLLTMKEKS,VLLTMKEKS,VLLTMKEKS,0.000101,48
HLA-A*01:01,1,258,266,9,GAMHTALTG,GAMHTALTG,GAMHTALTG,9.9e-05,49
HLA-A*01:01,1,180,188,9,ALTLDCSPR,ALTLDCSPR,ALTLDCSPR,9.9e-05,49
HLA-A*01:01,1,102,110,9,GNGCGLFGK,GNGCGLFGK,GNGCGLFGK,9.9e-05,49
HLA-A*01:01,1,9,17,9,RDFVEGLSG,RDFVEGLSG,RDFVEGLSG,9.9e-05,49
HLA-A*02:01,1,218,226,9,LPWTSGAST,LPWTSGAST,LPWTSGAST,9.7e-05,34
HLA-A*01:01,1,250,258,9,VVVLGSQEG,VVVLGSQEG,VVVLGSQEG,9.7e-05,49
HLA-A*01:01,1,177,185,9,DYGALTLDC,DYGALTLDC,DYGALTLDC,9.7e-05,49
HLA-A*01:01,1,171,179,9,SEIQLTDYG,SEIQLTDYG,SEIQLTDYG,9.7e-05,49
HLA-A*01:01,1,8,16,9,NRDFVEGLS,NRDFVEGLS,NRDFVEGLS,9.7e-05,49
HLA-A*01:01,1,203,211,9,EKSWLVHKQ,EKSWLVHKQ,EKSWLVHKQ,9.6e-05,49
HLA-A*01:01,1,53,61,9,PAVLRKLCI,PAVLRKLCI,PAVLRKLCI,9.6e-05,49
HLA-A*02:01,1,120,128,9,KCVTKLEGK,KCVTKLEGK,KCVTKLEGK,9.5e-05,34
HLA-A*02:01,1,54,62,9,AVLRKLCIE,AVLRKLCIE,AVLRKLCIE,9.5e-05,34
HLA-A*01:01,1,375,383,9,ESYIVVGAG,ESYIVVGAG,ESYIVVGAG,9.5e-05,50
HLA-A*02:01,1,306,314,9,FKLEKEVAE,FKLEKEVAE,FKLEKEVAE,9.4e-05,35
HLA-A*01:01,1,371,379,9,PPFGESYIV,PPFGESYIV,PPFGESYIV,9.4e-05,50
HLA-A*02:01,1,61,69,9,IEAKISNTT,IEAKISNTT,IEAKISNTT,9.3e-05,35
HLA-A*01:01,1,462,470,9,LLTWLGLNS,LLTWLGLNS,LLTWLGLNS,9.3e-05,50
HLA-A*01:01,1,127,135,9,GKIVQYENL,GKIVQYENL,GKIVQYENL,9.3e-05,50
HLA-A*01:01,1,325,333,9,KYEGTDAPC,KYEGTDAPC,KYEGTDAPC,9.2e-05,50
HLA-A*01:01,1,434,442,9,KLVHQVFGT,KLVHQVFGT,KLVHQVFGT,9.1e-05,51
HLA-A*01:01,1,367,375,9,IETEPPFGE,IETEPPFGE,IETEPPFGE,9.1e-05,51
HLA-A*01:01,1,332,340,9,PCKIPFSTQ,PCKIPFSTQ,PCKIPFSTQ,9.1e-05,51
HLA-A*01:01,1,442,450,9,TAYGVLFSG,TAYGVLFSG,TAYGVLFSG,9e-05,51
HLA-A*01:01,1,415,423,9,LGDTAWDFG,LGDTAWDFG,LGDTAWDFG,8.9e-05,51
HLA-A*01:01,1,295,303,9,KGMSYVMCT,KGMSYVMCT,KGMSYVMCT,8.9e-05,51
HLA-A*01:01,1,66,74,9,SNTTTDSRC,SNTTTDSRC,SNTTTDSRC,8.9e-05,51
HLA-A*01:01,1,373,381,9,FGESYIVVG,FGESYIVVG,FGESYIVVG,8.8e-05,51
HLA-A*02:01,1,437,445,9,HQVFGTAYG,HQVFGTAYG,HQVFGTAYG,8.7e-05,35
HLA-A*02:01,1,150,158,9,QVGNETTEH,QVGNETTEH,QVGNETTEH,8.7e-05,35
HLA-A*01:01,1,120,128,9,KCVTKLEGK,KCVTKLEGK,KCVTKLEGK,8.7e-05,51
HLA-A*01:01,1,231,239,9,WNRQDLLVT,WNRQDLLVT,WNRQDLLVT,8.6e-05,52
HLA-A*02:01,1,436,444,9,VHQVFGTAY,VHQVFGTAY,VHQVFGTAY,8.4e-05,36
HLA-A*01:01,1,398,406,9,IGKMFEATA,IGKMFEATA,IGKMFEATA,8.4e-05,52
HLA-A*01:01,1,115,123,9,TCAKFKCVT,TCAKFKCVT,TCAKFKCVT,8.4e-05,52
HLA-A*02:01,1,289,297,9,MDKLTLKGM,MDKLTLKGM,MDKLTLKGM,8.1e-05,36
HLA-A*01:01,1,266,274,9,GATEIQTSG,GATEIQTSG,GATEIQTSG,8.1e-05,53
HLA-A*02:01,1,330,338,9,DAPCKIPFS,DAPCKIPFS,DAPCKIPFS,8e-05,36
HLA-A*01:01,1,478,486,9,TCVAVGMVT,TCVAVGMVT,TCVAVGMVT,8e-05,53
HLA-A*01:01,1,355,363,9,NPIVTDKEK,NPIVTDKEK,NPIVTDKEK,8e-05,53
HLA-A*02:01,1,392,400,9,FKRGSSIGK,FKRGSSIGK,FKRGSSIGK,7.9e-05,37
HLA-A*02:01,1,380,388,9,VGAGEKALK,VGAGEKALK,VGAGEKALK,7.7e-05,37
HLA-A*01:01,1,348,356,9,NGRLITANP,NGRLITANP,NGRLITANP,7.7e-05,54
HLA-A*01:01,1,319,327,9,TVLVQVKYE,TVLVQVKYE,TVLVQVKYE,7.7e-05,54
HLA-A*02:01,1,267,275,9,ATEIQTSGT,ATEIQTSGT,ATEIQTSGT,7.6e-05,37
HLA-A*02:01,1,105,113,9,CGLFGKGSL,CGLFGKGSL,CGLFGKGSL,7.6e-05,37
HLA-A*01:01,1,372,380,9,PFGESYIVV,PFGESYIVV,PFGESYIVV,7.6e-05,54
HLA-A*01:01,1,157,165,9,EHGTIATIT,EHGTIATIT,EHGTIATIT,7.6e-05,54
HLA-A*02:01,1,302,310,9,CTGSFKLEK,CTGSFKLEK,CTGSFKLEK,7.5e-05,37
HLA-A*01:01,1,227,235,9,SQETWNRQD,SQETWNRQD,SQETWNRQD,7.4e-05,55
HLA-A*01:01,1,52,60,9,NPAVLRKLC,NPAVLRKLC,NPAVLRKLC,7.4e-05,55
HLA-A*02:01,1,297,305,9,MSYVMCTGS,MSYVMCTGS,MSYVMCTGS,7.3e-05,38
HLA-A*02:01,1,265,273,9,TGATEIQTS,TGATEIQTS,TGATEIQTS,7.2e-05,38
HLA-A*01:01,1,364,372,9,PVNIETEPP,PVNIETEPP,PVNIETEPP,7.2e-05,55
HLA-A*01:01,1,89,97,9,NFVCRRTFV,NFVCRRTFV,NFVCRRTFV,7.2e-05,55
HLA-A*02:01,1,68,76,9,TTTDSRCPT,TTTDSRCPT,TTTDSRCPT,7.1e-05,38
HLA-A*01:01,1,465,473,9,WLGLNSRST,WLGLNSRST,WLGLNSRST,7.1e-05,55
HLA-A*02:01,1,158,166,9,HGTIATITP,HGTIATITP,HGTIATITP,7e-05,38
HLA-A*01:01,1,248,256,9,QEVVVLGSQ,QEVVVLGSQ,QEVVVLGSQ,7e-05,56
HLA-A*01:01,1,176,184,9,TDYGALTLD,TDYGALTLD,TDYGALTLD,7e-05,56
HLA-A*02:01,1,250,258,9,VVVLGSQEG,VVVLGSQEG,VVVLGSQEG,6.8e-05,38
HLA-A*02:01,1,20,28,9,WVDVVLEHG,WVDVVLEHG,WVDVVLEHG,6.8e-05,38
HLA-A*01:01,1,320,328,9,VLVQVKYEG,VLVQVKYEG,VLVQVKYEG,6.8e-05,56
HLA-A*01:01,1,151,159,9,VGNETTEHG,VGNETTEHG,VGNETTEHG,6.8e-05,56
HLA-A*01:01,1,41,49,9,LDIELLKTE,LDIELLKTE,LDIELLKTE,6.8e-05,56
HLA-A*02:01,1,141,149,9,VTVHTGDQH,VTVHTGDQH,VTVHTGDQH,6.7e-05,39
HLA-A*01:01,1,91,99,9,VCRRTFVDR,VCRRTFVDR,VCRRTFVDR,6.7e-05,56
HLA-A*02:01,1,335,343,9,IPFSTQDEK,IPFSTQDEK,IPFSTQDEK,6.6e-05,39
HLA-A*02:01,1,194,202,9,NEMVLLTMK,NEMVLLTMK,NEMVLLTMK,6.6e-05,39
HLA-A*02:01,1,324,332,9,VKYEGTDAP,VKYEGTDAP,VKYEGTDAP,6.5e-05,39
HLA-A*02:01,1,338,346,9,STQDEKGVT,STQDEKGVT,STQDEKGVT,6.4e-05,39
HLA-A*01:01,1,1,9,9,MRCVGIGNR,MRCVGIGNR,MRCVGIGNR,6.4e-05,57
HLA-A*02:01,1,12,20,9,VEGLSGATW,VEGLSGATW,VEGLSGATW,6.3e-05,39
HLA-A*02:01,1,363,371,9,KPVNIETEP,KPVNIETEP,KPVNIETEP,6.2e-05,40
HLA-A*02:01,1,116,124,9,CAKFKCVTK,CAKFKCVTK,CAKFKCVTK,6.2e-05,40
HLA-A*01:01,1,475,483,9,LSMTCVAVG,LSMTCVAVG,LSMTCVAVG,6.2e-05,58
HLA-A*02:01,1,258,266,9,GAMHTALTG,GAMHTALTG,GAMHTALTG,6.1e-05,40
HLA-A*02:01,1,81,89,9,TLVEEQDAN,TLVEEQDAN,TLVEEQDAN,6.1e-05,40
HLA-A*01:01,1,458,466,9,GIGILLTWL,GIGILLTWL,GIGILLTWL,6.1e-05,58
HLA-A*01:01,1,443,451,9,AYGVLFSGV,AYGVLFSGV,AYGVLFSGV,6.1e-05,58
HLA-A*01:01,1,105,113,9,CGLFGKGSL,CGLFGKGSL,CGLFGKGSL,6.1e-05,58
HLA-A*02:01,1,57,65,9,RKLCIEAKI,RKLCIEAKI,RKLCIEAKI,6e-05,40
HLA-A*02:01,1,136,144,9,KYSVIVTVH,KYSVIVTVH,KYSVIVTVH,5.9e-05,40
HLA-A*02:01,1,185,193,9,CSPRTGLDF,CSPRTGLDF,CSPRTGLDF,5.8e-05,41
HLA-A*01:01,1,437,445,9,HQVFGTAYG,HQVFGTAYG,HQVFGTAYG,5.8e-05,59
HLA-A*01:01,1,399,407,9,GKMFEATAR,GKMFEATAR,GKMFEATAR,5.8e-05,59
HLA-A*01:01,1,36,44,9,KNKPTLDIE,KNKPTLDIE,KNKPTLDIE,5.7e-05,60
HLA-A*02:01,1,389,397,9,LSWFKRGSS,LSWFKRGSS,LSWFKRGSS,5.6e-05,41
HLA-A*01:01,1,392,400,9,FKRGSSIGK,FKRGSSIGK,FKRGSSIGK,5.6e-05,60
HLA-A*02:01,1,325,333,9,KYEGTDAPC,KYEGTDAPC,KYEGTDAPC,5.5e-05,41
HLA-A*02:01,1,142,150,9,TVHTGDQHQ,TVHTGDQHQ,TVHTGDQHQ,5.4e-05,41
HLA-A*02:01,1,93,101,9,RRTFVDRGW,RRTFVDRGW,RRTFVDRGW,5.4e-05,41
HLA-A*01:01,1,301,309,9,MCTGSFKLE,MCTGSFKLE,MCTGSFKLE,5.4e-05,61
HLA-A*01:01,1,260,268,9,MHTALTGAT,MHTALTGAT,MHTALTGAT,5.4e-05,61
HLA-A*01:01,1,207,215,9,LVHKQWFLD,LVHKQWFLD,LVHKQWFLD,5.4e-05,61
HLA-A*02:01,1,46,54,9,LKTEVTNPA,LKTEVTNPA,LKTEVTNPA,5.3e-05,42
HLA-A*01:01,1,113,121,9,LLTCAKFKC,LLTCAKFKC,LLTCAKFKC,5.3e-05,61
HLA-A*01:01,1,73,81,9,RCPTQGEAT,RCPTQGEAT,RCPTQGEAT,5.3e-05,61
HLA-A*02:01,1,334,342,9,KIPFSTQDE,KIPFSTQDE,KIPFSTQDE,5.2e-05,42
HLA-A*02:01,1,418,426,9,TAWDFGSIG,TAWDFGSIG,TAWDFGSIG,5.1e-05,42
HLA-A*01:01,1,273,281,9,SGTTTIFAG,SGTTTIFAG,SGTTTIFAG,5.1e-05,62
HLA-A*01:01,1,466,474,9,LGLNSRSTS,LGLNSRSTS,LGLNSRSTS,5e-05,62
HLA-A*02:01,1,317,325,9,HGTVLVQVK,HGTVLVQVK,HGTVLVQVK,4.9e-05,43
HLA-A*01:01,1,54,62,9,AVLRKLCIE,AVLRKLCIE,AVLRKLCIE,4.9e-05,63
HLA-A*02:01,1,406,414,9,ARGARRMAI,ARGARRMAI,ARGARRMAI,4.8e-05,43
HLA-A*02:01,1,41,49,9,LDIELLKTE,LDIELLKTE,LDIELLKTE,4.8e-05,43
HLA-A*02:01,1,31,39,9,VTTMAKNKP,VTTMAKNKP,VTTMAKNKP,4.8e-05,43
HLA-A*01:01,1,179,187,9,GALTLDCSP,GALTLDCSP,GALTLDCSP,4.8e-05,63
HLA-A*02:01,1,205,213,9,SWLVHKQWF,SWLVHKQWF,SWLVHKQWF,4.7e-05,43
HLA-A*02:01,1,96,104,9,FVDRGWGNG,FVDRGWGNG,FVDRGWGNG,4.6e-05,44
HLA-A*01:01,1,349,357,9,GRLITANPI,GRLITANPI,GRLITANPI,4.6e-05,64
HLA-A*01:01,1,310,318,9,KEVAETQHG,KEVAETQHG,KEVAETQHG,4.6e-05,64
HLA-A*02:01,1,28,36,9,GSCVTTMAK,GSCVTTMAK,GSCVTTMAK,4.5e-05,44
HLA-A*02:01,1,22,30,9,DVVLEHGSC,DVVLEHGSC,DVVLEHGSC,4.5e-05,44
HLA-A*01:01,1,342,350,9,EKGVTQNGR,EKGVTQNGR,EKGVTQNGR,4.5e-05,64
HLA-A*02:01,1,84,92,9,EEQDANFVC,EEQDANFVC,EEQDANFVC,4.4e-05,44
HLA-A*02:01,1,220,228,9,WTSGASTSQ,WTSGASTSQ,WTSGASTSQ,4.2e-05,45
HLA-A*02:01,1,239,247,9,TFKTAHAKK,TFKTAHAKK,TFKTAHAKK,4.1e-05,45
HLA-A*02:01,1,234,242,9,QDLLVTFKT,QDLLVTFKT,QDLLVTFKT,4.1e-05,45
HLA-A*02:01,1,153,161,9,NETTEHGTI,NETTEHGTI,NETTEHGTI,4e-05,45
HLA-A*01:01,1,209,217,9,HKQWFLDLP,HKQWFLDLP,HKQWFLDLP,4e-05,67
HLA-A*02:01,1,419,427,9,AWDFGSIGG,AWDFGSIGG,AWDFGSIGG,3.9e-05,46
HLA-A*02:01,1,413,421,9,AILGDTAWD,AILGDTAWD,AILGDTAWD,3.9e-05,46
HLA-A*02:01,1,110,118,9,KGSLLTCAK,KGSLLTCAK,KGSLLTCAK,3.9e-05,46
HLA-A*01:01,1,6,14,9,IGNRDFVEG,IGNRDFVEG,IGNRDFVEG,3.9e-05,67
HLA-A*02:01,1,326,334,9,YEGTDAPCK,YEGTDAPCK,YEGTDAPCK,3.8e-05,46
HLA-A*02:01,1,266,274,9,GATEIQTSG,GATEIQTSG,GATEIQTSG,3.8e-05,46
HLA-A*02:01,1,5,13,9,GIGNRDFVE,GIGNRDFVE,GIGNRDFVE,3.8e-05,46
HLA-A*01:01,1,347,355,9,QNGRLITAN,QNGRLITAN,QNGRLITAN,3.8e-05,68
HLA-A*01:01,1,101,109,9,WGNGCGLFG,WGNGCGLFG,WGNGCGLFG,3.8e-05,68
HLA-A*01:01,1,21,29,9,VDVVLEHGS,VDVVLEHGS,VDVVLEHGS,3.8e-05,68
HLA-A*02:01,1,426,434,9,GGVFTSVGK,GGVFTSVGK,GGVFTSVGK,3.7e-05,47
HLA-A*01:01,1,444,452,9,YGVLFSGVS,YGVLFSGVS,YGVLFSGVS,3.7e-05,68
HLA-A*01:01,1,186,194,9,SPRTGLDFN,SPRTGLDFN,SPRTGLDFN,3.7e-05,68
HLA-A*01:01,1,123,131,9,TKLEGKIVQ,TKLEGKIVQ,TKLEGKIVQ,3.7e-05,68
HLA-A*01:01,1,94,102,9,RTFVDRGWG,RTFVDRGWG,RTFVDRGWG,3.7e-05,68
HLA-A*01:01,1,59,67,9,LCIEAKISN,LCIEAKISN,LCIEAKISN,3.7e-05,68
HLA-A*02:01,1,402,410,9,FEATARGAR,FEATARGAR,FEATARGAR,3.6e-05,47
HLA-A*02:01,1,73,81,9,RCPTQGEAT,RCPTQGEAT,RCPTQGEAT,3.6e-05,47
HLA-A*01:01,1,109,117,9,GKGSLLTCA,GKGSLLTCA,GKGSLLTCA,3.6e-05,69
HLA-A*01:01,1,356,364,9,PIVTDKEKP,PIVTDKEKP,PIVTDKEKP,3.5e-05,69
HLA-A*01:01,1,58,66,9,KLCIEAKIS,KLCIEAKIS,KLCIEAKIS,3.5e-05,69
HLA-A*02:01,1,217,225,9,PLPWTSGAS,PLPWTSGAS,PLPWTSGAS,3.4e-05,48
HLA-A*02:01,1,72,80,9,SRCPTQGEA,SRCPTQGEA,SRCPTQGEA,3.4e-05,48
HLA-A*02:01,1,448,456,9,FSGVSWTMK,FSGVSWTMK,FSGVSWTMK,3.3e-05,48
HLA-A*02:01,1,358,366,9,VTDKEKPVN,VTDKEKPVN,VTDKEKPVN,3.3e-05,48
HLA-A*02:01,1,308,316,9,LEKEVAETQ,LEKEVAETQ,LEKEVAETQ,3.3e-05,48
HLA-A*02:01,1,257,265,9,EGAMHTALT,EGAMHTALT,EGAMHTALT,3.3e-05,48
HLA-A*02:01,1,228,236,9,QETWNRQDL,QETWNRQDL,QETWNRQDL,3.3e-05,48
HLA-A*01:01,1,464,472,9,TWLGLNSRS,TWLGLNSRS,TWLGLNSRS,3.3e-05,70
HLA-A*01:01,1,341,349,9,DEKGVTQNG,DEKGVTQNG,DEKGVTQNG,3.3e-05,70
HLA-A*01:01,1,217,225,9,PLPWTSGAS,PLPWTSGAS,PLPWTSGAS,3.3e-05,70
HLA-A*01:01,1,29,37,9,SCVTTMAKN,SCVTTMAKN,SCVTTMAKN,3.3e-05,70
HLA-A*01:01,1,5,13,9,GIGNRDFVE,GIGNRDFVE,GIGNRDFVE,3.3e-05,70
HLA-A*02:01,1,367,375,9,IETEPPFGE,IETEPPFGE,IETEPPFGE,3.2e-05,49
HLA-A*01:01,1,408,416,9,GARRMAILG,GARRMAILG,GARRMAILG,3.2e-05,71
HLA-A*01:01,1,324,332,9,VKYEGTDAP,VKYEGTDAP,VKYEGTDAP,3.2e-05,71
HLA-A*01:01,1,95,103,9,TFVDRGWGN,TFVDRGWGN,TFVDRGWGN,3.2e-05,71
HLA-A*01:01,1,46,54,9,LKTEVTNPA,LKTEVTNPA,LKTEVTNPA,3.2e-05,71
HLA-A*02:01,1,88,96,9,ANFVCRRTF,ANFVCRRTF,ANFVCRRTF,3.1e-05,49
HLA-A*02:01,1,62,70,9,EAKISNTTT,EAKISNTTT,EAKISNTTT,3.1e-05,49
HLA-A*02:01,1,25,33,9,LEHGSCVTT,LEHGSCVTT,LEHGSCVTT,3.1e-05,49
HLA-A*01:01,1,14,22,9,GLSGATWVD,GLSGATWVD,GLSGATWVD,3.1e-05,71
HLA-A*02:01,1,329,337,9,TDAPCKIPF,TDAPCKIPF,TDAPCKIPF,3e-05,49
HLA-A*02:01,1,170,178,9,TSEIQLTDY,TSEIQLTDY,TSEIQLTDY,3e-05,49
HLA-A*01:01,1,391,399,9,WFKRGSSIG,WFKRGSSIG,WFKRGSSIG,3e-05,72
HLA-A*02:01,1,405,413,9,TARGARRMA,TARGARRMA,TARGARRMA,2.8e-05,50
HLA-A*02:01,1,403,411,9,EATARGARR,EATARGARR,EATARGARR,2.8e-05,50
HLA-A*02:01,1,253,261,9,LGSQEGAMH,LGSQEGAMH,LGSQEGAMH,2.8e-05,50
HLA-A*02:01,1,241,249,9,KTAHAKKQE,KTAHAKKQE,KTAHAKKQE,2.8e-05,50
HLA-A*02:01,1,227,235,9,SQETWNRQD,SQETWNRQD,SQETWNRQD,2.8e-05,50
HLA-A*01:01,1,57,65,9,RKLCIEAKI,RKLCIEAKI,RKLCIEAKI,2.8e-05,73
HLA-A*02:01,1,301,309,9,MCTGSFKLE,MCTGSFKLE,MCTGSFKLE,2.7e-05,51
HLA-A*02:01,1,421,429,9,DFGSIGGVF,DFGSIGGVF,DFGSIGGVF,2.6e-05,51
HLA-A*02:01,1,139,147,9,VIVTVHTGD,VIVTVHTGD,VIVTVHTGD,2.6e-05,51
HLA-A*02:01,1,125,133,9,LEGKIVQYE,LEGKIVQYE,LEGKIVQYE,2.6e-05,51
HLA-A*01:01,1,246,254,9,KKQEVVVLG,KKQEVVVLG,KKQEVVVLG,2.6e-05,74
HLA-A*01:01,1,184,192,9,DCSPRTGLD,DCSPRTGLD,DCSPRTGLD,2.6e-05,74
HLA-A*02:01,1,226,234,9,TSQETWNRQ,TSQETWNRQ,TSQETWNRQ,2.5e-05,52
HLA-A*02:01,1,3,11,9,CVGIGNRDF,CVGIGNRDF,CVGIGNRDF,2.5e-05,52
HLA-A*01:01,1,388,396,9,KLSWFKRGS,KLSWFKRGS,KLSWFKRGS,2.5e-05,75
HLA-A*02:01,1,364,372,9,PVNIETEPP,PVNIETEPP,PVNIETEPP,2.4e-05,53
HLA-A*02:01,1,280,288,9,AGHLKCRLK,AGHLKCRLK,AGHLKCRLK,2.4e-05,53
HLA-A*02:01,1,249,257,9,EVVVLGSQE,EVVVLGSQE,EVVVLGSQE,2.4e-05,53
HLA-A*02:01,1,179,187,9,GALTLDCSP,GALTLDCSP,GALTLDCSP,2.4e-05,53
HLA-A*02:01,1,169,177,9,PTSEIQLTD,PTSEIQLTD,PTSEIQLTD,2.4e-05,53
HLA-A*02:01,1,166,174,9,PQAPTSEIQ,PQAPTSEIQ,PQAPTSEIQ,2.4e-05,53
HLA-A*02:01,1,43,51,9,IELLKTEVT,IELLKTEVT,IELLKTEVT,2.4e-05,53
HLA-A*01:01,1,482,490,9,VGMVTLYLG,VGMVTLYLG,VGMVTLYLG,2.4e-05,76
HLA-A*01:01,1,56,64,9,LRKLCIEAK,LRKLCIEAK,LRKLCIEAK,2.4e-05,76
HLA-A*02:01,1,464,472,9,TWLGLNSRS,TWLGLNSRS,TWLGLNSRS,2.3e-05,53
HLA-A*02:01,1,109,117,9,GKGSLLTCA,GKGSLLTCA,GKGSLLTCA,2.3e-05,53
HLA-A*01:01,1,362,370,9,EKPVNIETE,EKPVNIETE,EKPVNIETE,2.3e-05,76
HLA-A*02:01,1,466,474,9,LGLNSRSTS,LGLNSRSTS,LGLNSRSTS,2.2e-05,54
HLA-A*02:01,1,376,384,9,SYIVVGAGE,SYIVVGAGE,SYIVVGAGE,2.2e-05,54
HLA-A*02:01,1,221,229,9,TSGASTSQE,TSGASTSQE,TSGASTSQE,2.2e-05,54
HLA-A*02:01,1,67,75,9,NTTTDSRCP,NTTTDSRCP,NTTTDSRCP,2.2e-05,54
HLA-A*02:01,1,366,374,9,NIETEPPFG,NIETEPPFG,NIETEPPFG,2.1e-05,55
HLA-A*02:01,1,298,306,9,SYVMCTGSF,SYVMCTGSF,SYVMCTGSF,2.1e-05,55
HLA-A*02:01,1,115,123,9,TCAKFKCVT,TCAKFKCVT,TCAKFKCVT,2.1e-05,55
HLA-A*02:01,1,86,94,9,QDANFVCRR,QDANFVCRR,QDANFVCRR,2.1e-05,55
HLA-A*01:01,1,461,469,9,ILLTWLGLN,ILLTWLGLN,ILLTWLGLN,2.1e-05,78
HLA-A*01:01,1,79,87,9,EATLVEEQD,EATLVEEQD,EATLVEEQD,2.1e-05,78
HLA-A*02:01,1,97,105,9,VDRGWGNGC,VDRGWGNGC,VDRGWGNGC,2e-05,55
HLA-A*02:01,1,78,86,9,GEATLVEEQ,GEATLVEEQ,GEATLVEEQ,2e-05,55
HLA-A*02:01,1,56,64,9,LRKLCIEAK,LRKLCIEAK,LRKLCIEAK,2e-05,55
HLA-A*02:01,1,1,9,9,MRCVGIGNR,MRCVGIGNR,MRCVGIGNR,2e-05,55
HLA-A*01:01,1,459,467,9,IGILLTWLG,IGILLTWLG,IGILLTWLG,2e-05,78
HLA-A*02:01,1,444,452,9,YGVLFSGVS,YGVLFSGVS,YGVLFSGVS,1.9e-05,56
HLA-A*02:01,1,348,356,9,NGRLITANP,NGRLITANP,NGRLITANP,1.9e-05,56
HLA-A*02:01,1,273,281,9,SGTTTIFAG,SGTTTIFAG,SGTTTIFAG,1.9e-05,56
HLA-A*02:01,1,268,276,9,TEIQTSGTT,TEIQTSGTT,TEIQTSGTT,1.9e-05,56
HLA-A*02:01,1,30,38,9,CVTTMAKNK,CVTTMAKNK,CVTTMAKNK,1.9e-05,56
HLA-A*02:01,1,303,311,9,TGSFKLEKE,TGSFKLEKE,TGSFKLEKE,1.8e-05,57
HLA-A*02:01,1,148,156,9,QHQVGNETT,QHQVGNETT,QHQVGNETT,1.8e-05,57
HLA-A*02:01,1,395,403,9,GSSIGKMFE,GSSIGKMFE,GSSIGKMFE,1.7e-05,58
HLA-A*02:01,1,356,364,9,PIVTDKEKP,PIVTDKEKP,PIVTDKEKP,1.7e-05,58
HLA-A*02:01,1,178,186,9,YGALTLDCS,YGALTLDCS,YGALTLDCS,1.7e-05,58
HLA-A*02:01,1,91,99,9,VCRRTFVDR,VCRRTFVDR,VCRRTFVDR,1.7e-05,58
HLA-A*02:01,1,53,61,9,PAVLRKLCI,PAVLRKLCI,PAVLRKLCI,1.7e-05,58
HLA-A*01:01,1,450,458,9,GVSWTMKIG,GVSWTMKIG,GVSWTMKIG,1.7e-05,81
HLA-A*01:01,1,425,433,9,IGGVFTSVG,IGGVFTSVG,IGGVFTSVG,1.7e-05,81
HLA-A*01:01,1,376,384,9,SYIVVGAGE,SYIVVGAGE,SYIVVGAGE,1.7e-05,81
HLA-A*01:01,1,283,291,9,LKCRLKMDK,LKCRLKMDK,LKCRLKMDK,1.7e-05,81
HLA-A*01:01,1,146,154,9,GDQHQVGNE,GDQHQVGNE,GDQHQVGNE,1.7e-05,81
HLA-A*01:01,1,90,98,9,FVCRRTFVD,FVCRRTFVD,FVCRRTFVD,1.7e-05,81
HLA-A*02:01,1,246,254,9,KKQEVVVLG,KKQEVVVLG,KKQEVVVLG,1.6e-05,59
HLA-A*01:01,1,410,418,9,RRMAILGDT,RRMAILGDT,RRMAILGDT,1.6e-05,82
HLA-A*01:01,1,360,368,9,DKEKPVNIE,DKEKPVNIE,DKEKPVNIE,1.6e-05,82
HLA-A*01:01,1,139,147,9,VIVTVHTGD,VIVTVHTGD,VIVTVHTGD,1.6e-05,82
HLA-A*02:01,1,87,95,9,DANFVCRRT,DANFVCRRT,DANFVCRRT,1.5e-05,60
HLA-A*01:01,1,413,421,9,AILGDTAWD,AILGDTAWD,AILGDTAWD,1.5e-05,83
HLA-A*01:01,1,296,304,9,GMSYVMCTG,GMSYVMCTG,GMSYVMCTG,1.5e-05,83
HLA-A*01:01,1,240,248,9,FKTAHAKKQ,FKTAHAKKQ,FKTAHAKKQ,1.5e-05,83
HLA-A*02:01,1,482,490,9,VGMVTLYLG,VGMVTLYLG,VGMVTLYLG,1.4e-05,61
HLA-A*02:01,1,470,478,9,SRSTSLSMT,SRSTSLSMT,SRSTSLSMT,1.4e-05,61
HLA-A*02:01,1,231,239,9,WNRQDLLVT,WNRQDLLVT,WNRQDLLVT,1.4e-05,61
HLA-A*02:01,1,90,98,9,FVCRRTFVD,FVCRRTFVD,FVCRRTFVD,1.4e-05,61
HLA-A*02:01,1,77,85,9,QGEATLVEE,QGEATLVEE,QGEATLVEE,1.4e-05,61
HLA-A*02:01,1,52,60,9,NPAVLRKLC,NPAVLRKLC,NPAVLRKLC,1.4e-05,61
HLA-A*02:01,1,9,17,9,RDFVEGLSG,RDFVEGLSG,RDFVEGLSG,1.4e-05,61
HLA-A*01:01,1,118,126,9,KFKCVTKLE,KFKCVTKLE,KFKCVTKLE,1.4e-05,84
HLA-A*01:01,1,306,314,9,FKLEKEVAE,FKLEKEVAE,FKLEKEVAE,1.3e-05,85
HLA-A*01:01,1,294,302,9,LKGMSYVMC,LKGMSYVMC,LKGMSYVMC,1.3e-05,85
HLA-A*02:01,1,459,467,9,IGILLTWLG,IGILLTWLG,IGILLTWLG,1.2e-05,63
HLA-A*02:01,1,171,179,9,SEIQLTDYG,SEIQLTDYG,SEIQLTDYG,1.2e-05,63
HLA-A*02:01,1,144,152,9,HTGDQHQVG,HTGDQHQVG,HTGDQHQVG,1.2e-05,63
HLA-A*02:01,1,475,483,9,LSMTCVAVG,LSMTCVAVG,LSMTCVAVG,1.1e-05,64
HLA-A*02:01,1,355,363,9,NPIVTDKEK,NPIVTDKEK,NPIVTDKEK,1.1e-05,64
HLA-A*02:01,1,207,215,9,LVHKQWFLD,LVHKQWFLD,LVHKQWFLD,1.1e-05,64
HLA-A*02:01,1,201,209,9,MKEKSWLVH,MKEKSWLVH,MKEKSWLVH,1.1e-05,64
HLA-A*02:01,1,151,159,9,VGNETTEHG,VGNETTEHG,VGNETTEHG,1.1e-05,64
HLA-A*02:01,1,123,131,9,TKLEGKIVQ,TKLEGKIVQ,TKLEGKIVQ,1.1e-05,64
HLA-A*01:01,1,416,424,9,GDTAWDFGS,GDTAWDFGS,GDTAWDFGS,1.1e-05,87
HLA-A*01:01,1,119,127,9,FKCVTKLEG,FKCVTKLEG,FKCVTKLEG,1.1e-05,87
HLA-A*01:01,1,103,111,9,NGCGLFGKG,NGCGLFGKG,NGCGLFGKG,1.1e-05,87
HLA-A*01:01,1,2,10,9,RCVGIGNRD,RCVGIGNRD,RCVGIGNRD,1.1e-05,87
HLA-A*02:01,1,382,390,9,AGEKALKLS,AGEKALKLS,AGEKALKLS,1e-05,66
HLA-A*02:01,1,177,185,9,DYGALTLDC,DYGALTLDC,DYGALTLDC,1e-05,66
HLA-A*02:01,1,59,67,9,LCIEAKISN,LCIEAKISN,LCIEAKISN,1e-05,66
HLA-A*01:01,1,219,227,9,PWTSGASTS,PWTSGASTS,PWTSGASTS,1e-05,88
HLA-A*02:01,1,450,458,9,GVSWTMKIG,GVSWTMKIG,GVSWTMKIG,9e-06,67
HLA-A*02:01,1,384,392,9,EKALKLSWF,EKALKLSWF,EKALKLSWF,9e-06,67
HLA-A*02:01,1,362,370,9,EKPVNIETE,EKPVNIETE,EKPVNIETE,9e-06,67
HLA-A*02:01,1,176,184,9,TDYGALTLD,TDYGALTLD,TDYGALTLD,9e-06,67
HLA-A*02:01,1,94,102,9,RTFVDRGWG,RTFVDRGWG,RTFVDRGWG,9e-06,67
HLA-A*02:01,1,66,74,9,SNTTTDSRC,SNTTTDSRC,SNTTTDSRC,9e-06,67
HLA-A*02:01,1,6,14,9,IGNRDFVEG,IGNRDFVEG,IGNRDFVEG,9e-06,67
HLA-A*02:01,1,373,381,9,FGESYIVVG,FGESYIVVG,FGESYIVVG,8e-06,69
HLA-A*02:01,1,310,318,9,KEVAETQHG,KEVAETQHG,KEVAETQHG,8e-06,69
HLA-A*02:01,1,294,302,9,LKGMSYVMC,LKGMSYVMC,LKGMSYVMC,8e-06,69
HLA-A*02:01,1,157,165,9,EHGTIATIT,EHGTIATIT,EHGTIATIT,8e-06,69
HLA-A*02:01,1,100,108,9,GWGNGCGLF,GWGNGCGLF,GWGNGCGLF,8e-06,69
HLA-A*02:01,1,21,29,9,VDVVLEHGS,VDVVLEHGS,VDVVLEHGS,8e-06,69
HLA-A*01:01,1,285,293,9,CRLKMDKLT,CRLKMDKLT,CRLKMDKLT,8e-06,90
HLA-A*02:01,1,248,256,9,QEVVVLGSQ,QEVVVLGSQ,QEVVVLGSQ,7e-06,71
HLA-A*02:01,1,36,44,9,KNKPTLDIE,KNKPTLDIE,KNKPTLDIE,7e-06,71
HLA-A*02:01,1,34,42,9,MAKNKPTLD,MAKNKPTLD,MAKNKPTLD,7e-06,71
HLA-A*01:01,1,322,330,9,VQVKYEGTD,VQVKYEGTD,VQVKYEGTD,7e-06,92
HLA-A*01:01,1,282,290,9,HLKCRLKMD,HLKCRLKMD,HLKCRLKMD,7e-06,92
HLA-A*01:01,1,63,71,9,AKISNTTTD,AKISNTTTD,AKISNTTTD,7e-06,92
HLA-A*02:01,1,468,476,9,LNSRSTSLS,LNSRSTSLS,LNSRSTSLS,6e-06,73
HLA-A*02:01,1,410,418,9,RRMAILGDT,RRMAILGDT,RRMAILGDT,6e-06,73
HLA-A*02:01,1,354,362,9,ANPIVTDKE,ANPIVTDKE,ANPIVTDKE,6e-06,73
HLA-A*02:01,1,342,350,9,EKGVTQNGR,EKGVTQNGR,EKGVTQNGR,6e-06,73
HLA-A*02:01,1,203,211,9,EKSWLVHKQ,EKSWLVHKQ,EKSWLVHKQ,6e-06,73
HLA-A*02:01,1,152,160,9,GNETTEHGT,GNETTEHGT,GNETTEHGT,6e-06,73
HLA-A*02:01,1,145,153,9,TGDQHQVGN,TGDQHQVGN,TGDQHQVGN,6e-06,73
HLA-A*02:01,1,140,148,9,IVTVHTGDQ,IVTVHTGDQ,IVTVHTGDQ,6e-06,73
HLA-A*02:01,1,102,110,9,GNGCGLFGK,GNGCGLFGK,GNGCGLFGK,6e-06,73
HLA-A*02:01,1,95,103,9,TFVDRGWGN,TFVDRGWGN,TFVDRGWGN,6e-06,73
HLA-A*01:01,1,104,112,9,GCGLFGKGS,GCGLFGKGS,GCGLFGKGS,6e-06,93
HLA-A*02:01,1,332,340,9,PCKIPFSTQ,PCKIPFSTQ,PCKIPFSTQ,5e-06,75
HLA-A*02:01,1,322,330,9,VQVKYEGTD,VQVKYEGTD,VQVKYEGTD,5e-06,75
HLA-A*02:01,1,118,126,9,KFKCVTKLE,KFKCVTKLE,KFKCVTKLE,5e-06,75
HLA-A*02:01,1,104,112,9,GCGLFGKGS,GCGLFGKGS,GCGLFGKGS,5e-06,75
HLA-A*02:01,1,71,79,9,DSRCPTQGE,DSRCPTQGE,DSRCPTQGE,5e-06,75
HLA-A*02:01,1,29,37,9,SCVTTMAKN,SCVTTMAKN,SCVTTMAKN,5e-06,75
HLA-A*02:01,1,8,16,9,NRDFVEGLS,NRDFVEGLS,NRDFVEGLS,5e-06,75
HLA-A*01:01,1,452,460,9,SWTMKIGIG,SWTMKIGIG,SWTMKIGIG,5e-06,95
HLA-A*01:01,1,336,344,9,PFSTQDEKG,PFSTQDEKG,PFSTQDEKG,5e-06,95
HLA-A*01:01,1,98,106,9,DRGWGNGCG,DRGWGNGCG,DRGWGNGCG,5e-06,95
HLA-A*02:01,1,416,424,9,GDTAWDFGS,GDTAWDFGS,GDTAWDFGS,4e-06,78
HLA-A*02:01,1,375,383,9,ESYIVVGAG,ESYIVVGAG,ESYIVVGAG,4e-06,78
HLA-A*02:01,1,282,290,9,HLKCRLKMD,HLKCRLKMD,HLKCRLKMD,4e-06,78
HLA-A*02:01,1,260,268,9,MHTALTGAT,MHTALTGAT,MHTALTGAT,4e-06,78
HLA-A*02:01,1,209,217,9,HKQWFLDLP,HKQWFLDLP,HKQWFLDLP,4e-06,78
HLA-A*02:01,1,2,10,9,RCVGIGNRD,RCVGIGNRD,RCVGIGNRD,4e-06,78
HLA-A*01:01,1,333,341,9,CKIPFSTQD,CKIPFSTQD,CKIPFSTQD,4e-06,96
HLA-A*02:01,1,408,416,9,GARRMAILG,GARRMAILG,GARRMAILG,3e-06,82
HLA-A*02:01,1,309,317,9,EKEVAETQH,EKEVAETQH,EKEVAETQH,3e-06,82
HLA-A*02:01,1,283,291,9,LKCRLKMDK,LKCRLKMDK,LKCRLKMDK,3e-06,82
HLA-A*02:01,1,79,87,9,EATLVEEQD,EATLVEEQD,EATLVEEQD,3e-06,82
HLA-A*01:01,1,433,441,9,GKLVHQVFG,GKLVHQVFG,GKLVHQVFG,3e-06,98
HLA-A*01:01,1,409,417,9,ARRMAILGD,ARRMAILGD,ARRMAILGD,3e-06,98
HLA-A*01:01,1,387,395,9,LKLSWFKRG,LKLSWFKRG,LKLSWFKRG,3e-06,98
HLA-A*01:01,1,290,298,9,DKLTLKGMS,DKLTLKGMS,DKLTLKGMS,3e-06,98
HLA-A*01:01,1,187,195,9,PRTGLDFNE,PRTGLDFNE,PRTGLDFNE,3e-06,98
HLA-A*02:01,1,433,441,9,GKLVHQVFG,GKLVHQVFG,GKLVHQVFG,2e-06,87
HLA-A*02:01,1,425,433,9,IGGVFTSVG,IGGVFTSVG,IGGVFTSVG,2e-06,87
HLA-A*02:01,1,391,399,9,WFKRGSSIG,WFKRGSSIG,WFKRGSSIG,2e-06,87
HLA-A*02:01,1,340,348,9,QDEKGVTQN,QDEKGVTQN,QDEKGVTQN,2e-06,87
HLA-A*02:01,1,285,293,9,CRLKMDKLT,CRLKMDKLT,CRLKMDKLT,2e-06,87
HLA-A*02:01,1,186,194,9,SPRTGLDFN,SPRTGLDFN,SPRTGLDFN,2e-06,87
HLA-A*02:01,1,101,109,9,WGNGCGLFG,WGNGCGLFG,WGNGCGLFG,2e-06,87
HLA-A*02:01,1,63,71,9,AKISNTTTD,AKISNTTTD,AKISNTTTD,2e-06,87
HLA-A*01:01,1,92,100,9,CRRTFVDRG,CRRTFVDRG,CRRTFVDRG,2e-06,99
HLA-A*02:01,1,452,460,9,SWTMKIGIG,SWTMKIGIG,SWTMKIGIG,1e-06,95
HLA-A*02:01,1,415,423,9,LGDTAWDFG,LGDTAWDFG,LGDTAWDFG,1e-06,95
HLA-A*02:01,1,409,417,9,ARRMAILGD,ARRMAILGD,ARRMAILGD,1e-06,95
HLA-A*02:01,1,387,395,9,LKLSWFKRG,LKLSWFKRG,LKLSWFKRG,1e-06,95
HLA-A*02:01,1,360,368,9,DKEKPVNIE,DKEKPVNIE,DKEKPVNIE,1e-06,95
HLA-A*02:01,1,347,355,9,QNGRLITAN,QNGRLITAN,QNGRLITAN,1e-06,95
HLA-A*02:01,1,341,349,9,DEKGVTQNG,DEKGVTQNG,DEKGVTQNG,1e-06,95
HLA-A*02:01,1,333,341,9,CKIPFSTQD,CKIPFSTQD,CKIPFSTQD,1e-06,95
HLA-A*02:01,1,240,248,9,FKTAHAKKQ,FKTAHAKKQ,FKTAHAKKQ,1e-06,95
HLA-A*02:01,1,224,232,9,ASTSQETWN,ASTSQETWN,ASTSQETWN,1e-06,95
HLA-A*02:01,1,219,227,9,PWTSGASTS,PWTSGASTS,PWTSGASTS,1e-06,95
HLA-A*02:01,1,187,195,9,PRTGLDFNE,PRTGLDFNE,PRTGLDFNE,1e-06,95
HLA-A*02:01,1,184,192,9,DCSPRTGLD,DCSPRTGLD,DCSPRTGLD,1e-06,95
HLA-A*02:01,1,146,154,9,GDQHQVGNE,GDQHQVGNE,GDQHQVGNE,1e-06,95
HLA-A*02:01,1,126,134,9,EGKIVQYEN,EGKIVQYEN,EGKIVQYEN,1e-06,95
HLA-A*02:01,1,119,127,9,FKCVTKLEG,FKCVTKLEG,FKCVTKLEG,1e-06,95
HLA-A*02:01,1,103,111,9,NGCGLFGKG,NGCGLFGKG,NGCGLFGKG,1e-06,95
HLA-A*02:01,1,70,78,9,TDSRCPTQG,TDSRCPTQG,TDSRCPTQG,1e-06,95
HLA-A*02:01,1,336,344,9,PFSTQDEKG,PFSTQDEKG,PFSTQDEKG,0.0,100
HLA-A*02:01,1,290,298,9,DKLTLKGMS,DKLTLKGMS,DKLTLKGMS,0.0,100
HLA-A*02:01,1,98,106,9,DRGWGNGCG,DRGWGNGCG,DRGWGNGCG,0.0,100
HLA-A*02:01,1,92,100,9,CRRTFVDRG,CRRTFVDRG,CRRTFVDRG,0.0,100
